source_file,particle_id,diameter_px,diameter_nm,center_x_nm,center_y_nm,center_x_px,center_y_px,kept,isolated
PEGDA01TPO10SiNPSam02_S2_P__GrID057_LOC_RC012006-5.00x5.00-Z Height_Forward-251001-CRO_80e384e2.tiff,1,17.697935698969246,172.83140331024654,60.141958841463406,181.69620172764226,6.1585365853658525,18.60569105691057,0,0
PEGDA01TPO10SiNPSam02_S2_P__GrID057_LOC_RC012006-5.00x5.00-Z Height_Forward-251001-CRO_80e384e2.tiff,2,53.452310879752474,521.9952234350827,443.2131517379679,386.6560828877005,45.38502673796791,39.593582887700535,1,0
PEGDA01TPO10SiNPSam02_S2_P__GrID057_LOC_RC012006-5.00x5.00-Z Height_Forward-251001-CRO_80e384e2.tiff,3,32.29215364663835,315.35306295545263,737.9604987026862,155.62399839743588,75.56715506715507,15.935897435897434,0,0
PEGDA01TPO10SiNPSam02_S2_P__GrID057_LOC_RC012006-5.00x5.00-Z Height_Forward-251001-CRO_80e384e2.tiff,4,4.652426491681278,45.43385245782498,968.8074448529411,29.009650735294116,99.20588235294117,2.9705882352941173,0,0
PEGDA01TPO10SiNPSam02_S2_P__GrID057_LOC_RC012006-5.00x5.00-Z Height_Forward-251001-CRO_80e384e2.tiff,5,42.31045733500926,413.18805991219983,1267.2044474573256,251.52388202347083,129.76173541963016,25.756045519203415,1,0
PEGDA01TPO10SiNPSam02_S2_P__GrID057_LOC_RC012006-5.00x5.00-Z Height_Forward-251001-CRO_80e384e2.tiff,6,116.4474179680661,1137.1818160943956,1924.7139084507041,807.8363409624412,197.0907042253521,82.72244131455398,0,0
PEGDA01TPO10SiNPSam02_S2_P__GrID057_LOC_RC012006-5.00x5.00-Z Height_Forward-251001-CRO_80e384e2.tiff,7,1.1283791670955126,11.019327803667116,2397.4609374999995,4.8828125,245.49999999999994,0.5,0,0
PEGDA01TPO10SiNPSam02_S2_P__GrID057_LOC_RC012006-5.00x5.00-Z Height_Forward-251001-CRO_80e384e2.tiff,8,28.65727667372076,279.8562175168043,2590.0935683139537,226.43380571705424,265.22558139534885,23.186821705426354,0,0
PEGDA01TPO10SiNPSam02_S2_P__GrID057_LOC_RC012006-5.00x5.00-Z Height_Forward-251001-CRO_80e384e2.tiff,9,1.5957691216057308,15.583682828180965,2670.8984374999995,9.765625,273.49999999999994,1.0,0,0
PEGDA01TPO10SiNPSam02_S2_P__GrID057_LOC_RC012006-5.00x5.00-Z Height_Forward-251001-CRO_80e384e2.tiff,10,1.1283791670955126,11.019327803667116,2700.1953124999995,4.8828125,276.49999999999994,0.5,0,0
PEGDA01TPO10SiNPSam02_S2_P__GrID057_LOC_RC012006-5.00x5.00-Z Height_Forward-251001-CRO_80e384e2.tiff,11,1.1283791670955126,11.019327803667116,2719.7265624999995,4.8828125,278.49999999999994,0.5,0,0
PEGDA01TPO10SiNPSam02_S2_P__GrID057_LOC_RC012006-5.00x5.00-Z Height_Forward-251001-CRO_80e384e2.tiff,12,8.667244841319219,84.641062903508,2863.231594279661,23.91750529661017,293.1949152542373,2.4491525423728815,0,0
PEGDA01TPO10SiNPSam02_S2_P__GrID057_LOC_RC012006-5.00x5.00-Z Height_Forward-251001-CRO_80e384e2.tiff,13,44.695781072596446,436.4822370370747,3001.7222106038876,359.5262458173996,307.3763543658381,36.81548757170172,1,0
PEGDA01TPO10SiNPSam02_S2_P__GrID057_LOC_RC012006-5.00x5.00-Z Height_Forward-251001-CRO_80e384e2.tiff,14,1.5957691216057308,15.583682828180965,3286.1328124999995,9.765625,336.49999999999994,1.0,0,0
PEGDA01TPO10SiNPSam02_S2_P__GrID057_LOC_RC012006-5.00x5.00-Z Height_Forward-251001-CRO_80e384e2.tiff,15,30.172276587716105,294.6511385519151,3636.165592220279,83.24000218531468,372.34335664335657,8.523776223776224,0,0
PEGDA01TPO10SiNPSam02_S2_P__GrID057_LOC_RC012006-5.00x5.00-Z Height_Forward-251001-CRO_80e384e2.tiff,16,15.389040103942165,150.2835947650602,3993.7205981182788,81.11769153225806,408.95698924731175,8.306451612903226,0,0
PEGDA01TPO10SiNPSam02_S2_P__GrID057_LOC_RC012006-5.00x5.00-Z Height_Forward-251001-CRO_80e384e2.tiff,17,1.1283791670955126,11.019327803667116,4096.6796875,4.8828125,419.5,0.5,0,0
PEGDA01TPO10SiNPSam02_S2_P__GrID057_LOC_RC012006-5.00x5.00-Z Height_Forward-251001-CRO_80e384e2.tiff,18,1.1283791670955126,11.019327803667116,4145.5078125,4.8828125,424.5,0.5,0,0
PEGDA01TPO10SiNPSam02_S2_P__GrID057_LOC_RC012006-5.00x5.00-Z Height_Forward-251001-CRO_80e384e2.tiff,19,1.5957691216057308,15.583682828180965,4223.6328125,9.765625,432.5,1.0,0,0
PEGDA01TPO10SiNPSam02_S2_P__GrID057_LOC_RC012006-5.00x5.00-Z Height_Forward-251001-CRO_80e384e2.tiff,20,56.12481299456411,548.0938769000402,4351.4898696443,360.8228703516572,445.5925626515763,36.94826192400969,1,0
PEGDA01TPO10SiNPSam02_S2_P__GrID057_LOC_RC012006-5.00x5.00-Z Height_Forward-251001-CRO_80e384e2.tiff,21,1.5957691216057308,15.583682828180965,4536.1328125,9.765625,464.5,1.0,0,0
PEGDA01TPO10SiNPSam02_S2_P__GrID057_LOC_RC012006-5.00x5.00-Z Height_Forward-251001-CRO_80e384e2.tiff,22,19.963065333312567,194.95180989563053,4931.874625599041,106.71987320287539,505.0239616613418,10.92811501597444,0,0
PEGDA01TPO10SiNPSam02_S2_P__GrID057_LOC_RC012006-5.00x5.00-Z Height_Forward-251001-CRO_80e384e2.tiff,23,1.9544100476116797,19.08603562120781,4653.320312499999,34.1796875,476.4999999999999,3.5,0,0
PEGDA01TPO10SiNPSam02_S2_P__GrID057_LOC_RC012006-5.00x5.00-Z Height_Forward-251001-CRO_80e384e2.tiff,24,2.256758334191025,22.03865560733423,2426.7578125,48.82812499999999,248.5,4.999999999999999,0,0
PEGDA01TPO10SiNPSam02_S2_P__GrID057_LOC_RC012006-5.00x5.00-Z Height_Forward-251001-CRO_80e384e2.tiff,25,1.1283791670955126,11.019327803667116,3305.6640624999995,34.1796875,338.49999999999994,3.5,0,0
PEGDA01TPO10SiNPSam02_S2_P__GrID057_LOC_RC012006-5.00x5.00-Z Height_Forward-251001-CRO_80e384e2.tiff,26,1.9544100476116797,19.08603562120781,2475.5859375,53.71093749999999,253.5,5.499999999999999,0,0
PEGDA01TPO10SiNPSam02_S2_P__GrID057_LOC_RC012006-5.00x5.00-Z Height_Forward-251001-CRO_80e384e2.tiff,27,2.763953195770684,26.991730427448086,1020.5078124999999,68.359375,104.49999999999999,7.0,0,0
PEGDA01TPO10SiNPSam02_S2_P__GrID057_LOC_RC012006-5.00x5.00-Z Height_Forward-251001-CRO_80e384e2.tiff,28,1.1283791670955126,11.019327803667116,4125.9765625,63.47656249999999,422.5,6.499999999999999,0,0
PEGDA01TPO10SiNPSam02_S2_P__GrID057_LOC_RC012006-5.00x5.00-Z Height_Forward-251001-CRO_80e384e2.tiff,29,30.024216853608277,293.20524271101834,4816.246248234463,308.21029749293785,493.18361581920897,31.560734463276837,0,0
PEGDA01TPO10SiNPSam02_S2_P__GrID057_LOC_RC012006-5.00x5.00-Z Height_Forward-251001-CRO_80e384e2.tiff,30,1.1283791670955126,11.019327803667116,4643.5546875,63.47656249999999,475.5,6.499999999999999,0,0
PEGDA01TPO10SiNPSam02_S2_P__GrID057_LOC_RC012006-5.00x5.00-Z Height_Forward-251001-CRO_80e384e2.tiff,31,1.1283791670955126,11.019327803667116,1791.9921874999998,73.2421875,183.49999999999997,7.5,0,0
PEGDA01TPO10SiNPSam02_S2_P__GrID057_LOC_RC012006-5.00x5.00-Z Height_Forward-251001-CRO_80e384e2.tiff,32,1.9544100476116797,19.08603562120781,3738.606770833333,79.75260416666667,382.8333333333333,8.166666666666668,0,0
PEGDA01TPO10SiNPSam02_S2_P__GrID057_LOC_RC012006-5.00x5.00-Z Height_Forward-251001-CRO_80e384e2.tiff,33,3.1915382432114616,31.16736565636193,3237.3046875,95.21484374999999,331.5,9.749999999999998,0,0
PEGDA01TPO10SiNPSam02_S2_P__GrID057_LOC_RC012006-5.00x5.00-Z Height_Forward-251001-CRO_80e384e2.tiff,34,1.1283791670955126,11.019327803667116,737.3046874999999,102.53906249999999,75.49999999999999,10.499999999999998,0,0
PEGDA01TPO10SiNPSam02_S2_P__GrID057_LOC_RC012006-5.00x5.00-Z Height_Forward-251001-CRO_80e384e2.tiff,35,1.1283791670955126,11.019327803667116,1040.0390625,102.53906249999999,106.5,10.499999999999998,0,0
PEGDA01TPO10SiNPSam02_S2_P__GrID057_LOC_RC012006-5.00x5.00-Z Height_Forward-251001-CRO_80e384e2.tiff,36,1.5957691216057308,15.583682828180965,3261.7187499999995,112.30468749999999,333.99999999999994,11.499999999999998,0,0
PEGDA01TPO10SiNPSam02_S2_P__GrID057_LOC_RC012006-5.00x5.00-Z Height_Forward-251001-CRO_80e384e2.tiff,37,7.653039857325812,74.73671735669738,3316.4911684782605,168.9877717391304,339.6086956521739,17.304347826086953,0,0
PEGDA01TPO10SiNPSam02_S2_P__GrID057_LOC_RC012006-5.00x5.00-Z Height_Forward-251001-CRO_80e384e2.tiff,38,1.1283791670955126,11.019327803667116,3364.2578124999995,112.30468749999999,344.49999999999994,11.499999999999998,0,0
PEGDA01TPO10SiNPSam02_S2_P__GrID057_LOC_RC012006-5.00x5.00-Z Height_Forward-251001-CRO_80e384e2.tiff,39,1.1283791670955126,11.019327803667116,3852.5390624999995,112.30468749999999,394.49999999999994,11.499999999999998,0,0
PEGDA01TPO10SiNPSam02_S2_P__GrID057_LOC_RC012006-5.00x5.00-Z Height_Forward-251001-CRO_80e384e2.tiff,40,1.9544100476116797,19.08603562120781,4750.976562499999,122.0703125,486.4999999999999,12.5,0,0
PEGDA01TPO10SiNPSam02_S2_P__GrID057_LOC_RC012006-5.00x5.00-Z Height_Forward-251001-CRO_80e384e2.tiff,41,4.918490759365935,48.03213632193296,3209.549753289473,157.02097039473685,328.657894736842,16.078947368421055,0,0
PEGDA01TPO10SiNPSam02_S2_P__GrID057_LOC_RC012006-5.00x5.00-Z Height_Forward-251001-CRO_80e384e2.tiff,42,2.5231325220201604,24.63996603535313,10.7421875,149.4140625,1.1,15.3,0,0
PEGDA01TPO10SiNPSam02_S2_P__GrID057_LOC_RC012006-5.00x5.00-Z Height_Forward-251001-CRO_80e384e2.tiff,43,1.1283791670955126,11.019327803667116,2670.8984374999995,151.36718749999997,273.49999999999994,15.499999999999996,0,0
PEGDA01TPO10SiNPSam02_S2_P__GrID057_LOC_RC012006-5.00x5.00-Z Height_Forward-251001-CRO_80e384e2.tiff,44,5.753627391751592,56.18776749757414,2760.2914663461534,202.44891826923075,282.65384615384613,20.73076923076923,0,0
PEGDA01TPO10SiNPSam02_S2_P__GrID057_LOC_RC012006-5.00x5.00-Z Height_Forward-251001-CRO_80e384e2.tiff,45,1.1283791670955126,11.019327803667116,2739.2578125,161.1328125,280.5,16.5,0,0
PEGDA01TPO10SiNPSam02_S2_P__GrID057_LOC_RC012006-5.00x5.00-Z Height_Forward-251001-CRO_80e384e2.tiff,46,1.1283791670955126,11.019327803667116,3569.3359375,161.1328125,365.5,16.5,0,0
PEGDA01TPO10SiNPSam02_S2_P__GrID057_LOC_RC012006-5.00x5.00-Z Height_Forward-251001-CRO_80e384e2.tiff,47,21.498510523728477,209.9463918332859,2355.761987775482,330.96859934573,241.23002754820934,33.891184573002754,0,0
PEGDA01TPO10SiNPSam02_S2_P__GrID057_LOC_RC012006-5.00x5.00-Z Height_Forward-251001-CRO_80e384e2.tiff,48,2.763953195770684,26.991730427448086,3554.6874999999995,200.1953125,363.99999999999994,20.5,0,0
PEGDA01TPO10SiNPSam02_S2_P__GrID057_LOC_RC012006-5.00x5.00-Z Height_Forward-251001-CRO_80e384e2.tiff,49,1.5957691216057308,15.583682828180965,952.1484375,214.84374999999997,97.5,21.999999999999996,0,0
PEGDA01TPO10SiNPSam02_S2_P__GrID057_LOC_RC012006-5.00x5.00-Z Height_Forward-251001-CRO_80e384e2.tiff,50,1.5957691216057308,15.583682828180965,2690.4296874999995,224.60937499999997,275.49999999999994,22.999999999999996,0,0
PEGDA01TPO10SiNPSam02_S2_P__GrID057_LOC_RC012006-5.00x5.00-Z Height_Forward-251001-CRO_80e384e2.tiff,51,1.1283791670955126,11.019327803667116,2817.3828124999995,219.7265625,288.49999999999994,22.5,0,0
PEGDA01TPO10SiNPSam02_S2_P__GrID057_LOC_RC012006-5.00x5.00-Z Height_Forward-251001-CRO_80e384e2.tiff,52,1.5957691216057308,15.583682828180965,3198.2421874999995,224.60937499999997,327.49999999999994,22.999999999999996,0,0
PEGDA01TPO10SiNPSam02_S2_P__GrID057_LOC_RC012006-5.00x5.00-Z Height_Forward-251001-CRO_80e384e2.tiff,53,1.1283791670955126,11.019327803667116,815.4296874999999,229.49218749999997,83.49999999999999,23.499999999999996,0,0
PEGDA01TPO10SiNPSam02_S2_P__GrID057_LOC_RC012006-5.00x5.00-Z Height_Forward-251001-CRO_80e384e2.tiff,54,1.5957691216057308,15.583682828180965,1069.3359374999998,234.37499999999997,109.49999999999997,23.999999999999996,0,0
PEGDA01TPO10SiNPSam02_S2_P__GrID057_LOC_RC012006-5.00x5.00-Z Height_Forward-251001-CRO_80e384e2.tiff,55,16.698486766680407,163.07115983086334,3940.518871289954,320.99475599315065,403.5091324200913,32.86986301369863,0,0
PEGDA01TPO10SiNPSam02_S2_P__GrID057_LOC_RC012006-5.00x5.00-Z Height_Forward-251001-CRO_80e384e2.tiff,56,1.1283791670955126,11.019327803667116,3315.4296874999995,258.7890625,339.49999999999994,26.5,0,0
PEGDA01TPO10SiNPSam02_S2_P__GrID057_LOC_RC012006-5.00x5.00-Z Height_Forward-251001-CRO_80e384e2.tiff,57,1.1283791670955126,11.019327803667116,3637.6953124999995,258.7890625,372.49999999999994,26.5,0,0
PEGDA01TPO10SiNPSam02_S2_P__GrID057_LOC_RC012006-5.00x5.00-Z Height_Forward-251001-CRO_80e384e2.tiff,58,37.09948716436268,362.29967933947927,3638.6529038506005,484.2205206406106,372.5980573543015,49.58418131359852,1,0
PEGDA01TPO10SiNPSam02_S2_P__GrID057_LOC_RC012006-5.00x5.00-Z Height_Forward-251001-CRO_80e384e2.tiff,59,5.641895835477563,55.09663901833557,3437.3046875,315.42968749999994,351.98,32.3,0,0
PEGDA01TPO10SiNPSam02_S2_P__GrID057_LOC_RC012006-5.00x5.00-Z Height_Forward-251001-CRO_80e384e2.tiff,60,1.1283791670955126,11.019327803667116,493.16406249999994,307.61718749999994,50.49999999999999,31.499999999999993,0,0
PEGDA01TPO10SiNPSam02_S2_P__GrID057_LOC_RC012006-5.00x5.00-Z Height_Forward-251001-CRO_80e384e2.tiff,61,12.6156626101008,123.19983017676563,3321.7578125,415.42968749999994,340.148,42.53999999999999,0,0
PEGDA01TPO10SiNPSam02_S2_P__GrID057_LOC_RC012006-5.00x5.00-Z Height_Forward-251001-CRO_80e384e2.tiff,62,1.5957691216057308,15.583682828180965,92.77343749999999,332.03124999999994,9.499999999999998,33.99999999999999,0,0
PEGDA01TPO10SiNPSam02_S2_P__GrID057_LOC_RC012006-5.00x5.00-Z Height_Forward-251001-CRO_80e384e2.tiff,63,1.1283791670955126,11.019327803667116,3383.7890624999995,327.14843749999994,346.49999999999994,33.49999999999999,0,0
PEGDA01TPO10SiNPSam02_S2_P__GrID057_LOC_RC012006-5.00x5.00-Z Height_Forward-251001-CRO_80e384e2.tiff,64,1.9544100476116797,19.08603562120781,4594.7265625,336.9140625,470.5,34.5,0,0
PEGDA01TPO10SiNPSam02_S2_P__GrID057_LOC_RC012006-5.00x5.00-Z Height_Forward-251001-CRO_80e384e2.tiff,65,22.903595622322865,223.66792599924673,65.44390928398057,544.43359375,6.70145631067961,55.75,0,0
PEGDA01TPO10SiNPSam02_S2_P__GrID057_LOC_RC012006-5.00x5.00-Z Height_Forward-251001-CRO_80e384e2.tiff,66,1.1283791670955126,11.019327803667116,532.2265624999999,336.9140625,54.499999999999986,34.5,0,0
PEGDA01TPO10SiNPSam02_S2_P__GrID057_LOC_RC012006-5.00x5.00-Z Height_Forward-251001-CRO_80e384e2.tiff,67,1.9544100476116797,19.08603562120781,893.5546874999999,366.21093749999994,91.49999999999999,37.49999999999999,0,0
PEGDA01TPO10SiNPSam02_S2_P__GrID057_LOC_RC012006-5.00x5.00-Z Height_Forward-251001-CRO_80e384e2.tiff,68,7.569397566060481,73.91989810605938,1396.8098958333333,398.7630208333333,143.03333333333333,40.83333333333333,0,0
PEGDA01TPO10SiNPSam02_S2_P__GrID057_LOC_RC012006-5.00x5.00-Z Height_Forward-251001-CRO_80e384e2.tiff,69,1.1283791670955126,11.019327803667116,4.8828125,366.21093749999994,0.5,37.49999999999999,0,0
PEGDA01TPO10SiNPSam02_S2_P__GrID057_LOC_RC012006-5.00x5.00-Z Height_Forward-251001-CRO_80e384e2.tiff,70,1.1283791670955126,11.019327803667116,795.8984375,366.21093749999994,81.5,37.49999999999999,0,0
PEGDA01TPO10SiNPSam02_S2_P__GrID057_LOC_RC012006-5.00x5.00-Z Height_Forward-251001-CRO_80e384e2.tiff,71,1.1283791670955126,11.019327803667116,815.4296874999999,395.5078125,83.49999999999999,40.5,0,0
PEGDA01TPO10SiNPSam02_S2_P__GrID057_LOC_RC012006-5.00x5.00-Z Height_Forward-251001-CRO_80e384e2.tiff,72,1.1283791670955126,11.019327803667116,942.3828124999999,395.5078125,96.49999999999999,40.5,0,0
PEGDA01TPO10SiNPSam02_S2_P__GrID057_LOC_RC012006-5.00x5.00-Z Height_Forward-251001-CRO_80e384e2.tiff,73,1.1283791670955126,11.019327803667116,1352.5390625,395.5078125,138.5,40.5,0,0
PEGDA01TPO10SiNPSam02_S2_P__GrID057_LOC_RC012006-5.00x5.00-Z Height_Forward-251001-CRO_80e384e2.tiff,74,1.1283791670955126,11.019327803667116,942.3828124999999,415.0390625,96.49999999999999,42.5,0,0
PEGDA01TPO10SiNPSam02_S2_P__GrID057_LOC_RC012006-5.00x5.00-Z Height_Forward-251001-CRO_80e384e2.tiff,75,2.5231325220201604,24.63996603535313,1329.1015624999998,442.38281249999994,136.09999999999997,45.3,0,0
PEGDA01TPO10SiNPSam02_S2_P__GrID057_LOC_RC012006-5.00x5.00-Z Height_Forward-251001-CRO_80e384e2.tiff,76,4.068428945128219,39.73075141726777,1583.909254807692,445.08713942307696,162.19230769230765,45.57692307692308,0,0
PEGDA01TPO10SiNPSam02_S2_P__GrID057_LOC_RC012006-5.00x5.00-Z Height_Forward-251001-CRO_80e384e2.tiff,77,2.985410660720923,29.154400983602766,230.88727678571428,451.3113839285714,23.642857142857142,46.21428571428571,0,0
PEGDA01TPO10SiNPSam02_S2_P__GrID057_LOC_RC012006-5.00x5.00-Z Height_Forward-251001-CRO_80e384e2.tiff,78,1.5957691216057308,15.583682828180965,463.86718749999994,458.98437499999994,47.49999999999999,46.99999999999999,0,0
PEGDA01TPO10SiNPSam02_S2_P__GrID057_LOC_RC012006-5.00x5.00-Z Height_Forward-251001-CRO_80e384e2.tiff,79,1.9544100476116797,19.08603562120781,1567.3828124999998,473.6328125,160.49999999999997,48.5,0,0
PEGDA01TPO10SiNPSam02_S2_P__GrID057_LOC_RC012006-5.00x5.00-Z Height_Forward-251001-CRO_80e384e2.tiff,80,1.5957691216057308,15.583682828180965,1611.3281249999998,473.6328125,164.99999999999997,48.5,0,0
PEGDA01TPO10SiNPSam02_S2_P__GrID057_LOC_RC012006-5.00x5.00-Z Height_Forward-251001-CRO_80e384e2.tiff,81,3.1915382432114616,31.16736565636193,2406.005859375,491.94335937499994,246.375,50.37499999999999,0,0
PEGDA01TPO10SiNPSam02_S2_P__GrID057_LOC_RC012006-5.00x5.00-Z Height_Forward-251001-CRO_80e384e2.tiff,82,7.136496464611085,69.69234828721763,3211.1816406249995,519.53125,328.82499999999993,53.2,0,0
PEGDA01TPO10SiNPSam02_S2_P__GrID057_LOC_RC012006-5.00x5.00-Z Height_Forward-251001-CRO_80e384e2.tiff,83,5.641895835477563,55.09663901833557,3679.4921874999995,537.6953124999999,376.78,55.05999999999999,0,0
PEGDA01TPO10SiNPSam02_S2_P__GrID057_LOC_RC012006-5.00x5.00-Z Height_Forward-251001-CRO_80e384e2.tiff,84,3.5682482323055424,34.84617414360881,917.9687499999999,520.5078125,93.99999999999999,53.3,0,0
PEGDA01TPO10SiNPSam02_S2_P__GrID057_LOC_RC012006-5.00x5.00-Z Height_Forward-251001-CRO_80e384e2.tiff,85,16.312788383647018,159.3045740590529,991.7716432416266,620.9582461124402,101.55741626794257,63.58612440191387,0,0
PEGDA01TPO10SiNPSam02_S2_P__GrID057_LOC_RC012006-5.00x5.00-Z Height_Forward-251001-CRO_80e384e2.tiff,86,1.1283791670955126,11.019327803667116,317.3828125,522.4609375,32.5,53.5,0,0
PEGDA01TPO10SiNPSam02_S2_P__GrID057_LOC_RC012006-5.00x5.00-Z Height_Forward-251001-CRO_80e384e2.tiff,87,2.256758334191025,22.03865560733423,854.4921874999999,537.1093749999999,87.49999999999999,54.999999999999986,0,0
PEGDA01TPO10SiNPSam02_S2_P__GrID057_LOC_RC012006-5.00x5.00-Z Height_Forward-251001-CRO_80e384e2.tiff,88,1.1283791670955126,11.019327803667116,3081.0546875,522.4609375,315.5,53.5,0,0
PEGDA01TPO10SiNPSam02_S2_P__GrID057_LOC_RC012006-5.00x5.00-Z Height_Forward-251001-CRO_80e384e2.tiff,89,1.1283791670955126,11.019327803667116,3256.8359375,522.4609375,333.5,53.5,0,0
PEGDA01TPO10SiNPSam02_S2_P__GrID057_LOC_RC012006-5.00x5.00-Z Height_Forward-251001-CRO_80e384e2.tiff,90,2.5231325220201604,24.63996603535313,879.8828124999999,565.4296875,90.1,57.9,0,0
PEGDA01TPO10SiNPSam02_S2_P__GrID057_LOC_RC012006-5.00x5.00-Z Height_Forward-251001-CRO_80e384e2.tiff,91,1.1283791670955126,11.019327803667116,903.3203124999999,551.7578125,92.49999999999999,56.5,0,0
PEGDA01TPO10SiNPSam02_S2_P__GrID057_LOC_RC012006-5.00x5.00-Z Height_Forward-251001-CRO_80e384e2.tiff,92,1.1283791670955126,11.019327803667116,3237.3046875,551.7578125,331.5,56.5,0,0
PEGDA01TPO10SiNPSam02_S2_P__GrID057_LOC_RC012006-5.00x5.00-Z Height_Forward-251001-CRO_80e384e2.tiff,93,1.5957691216057308,15.583682828180965,2631.8359375,576.1718749999999,269.5,58.999999999999986,0,0
PEGDA01TPO10SiNPSam02_S2_P__GrID057_LOC_RC012006-5.00x5.00-Z Height_Forward-251001-CRO_80e384e2.tiff,94,1.1283791670955126,11.019327803667116,4213.867187499999,571.2890624999999,431.4999999999999,58.499999999999986,0,0
PEGDA01TPO10SiNPSam02_S2_P__GrID057_LOC_RC012006-5.00x5.00-Z Height_Forward-251001-CRO_80e384e2.tiff,95,1.5957691216057308,15.583682828180965,629.8828125,585.9375,64.5,60.0,0,0
PEGDA01TPO10SiNPSam02_S2_P__GrID057_LOC_RC012006-5.00x5.00-Z Height_Forward-251001-CRO_80e384e2.tiff,96,11.941642642883693,116.61760393441106,2621.111188616071,668.2477678571428,268.40178571428567,68.42857142857142,0,0
PEGDA01TPO10SiNPSam02_S2_P__GrID057_LOC_RC012006-5.00x5.00-Z Height_Forward-251001-CRO_80e384e2.tiff,97,3.385137501286538,33.057983411001345,619.0321180555554,622.2873263888888,63.38888888888888,63.722222222222214,0,0
PEGDA01TPO10SiNPSam02_S2_P__GrID057_LOC_RC012006-5.00x5.00-Z Height_Forward-251001-CRO_80e384e2.tiff,98,1.5957691216057308,15.583682828180965,249.02343749999997,625.0,25.499999999999996,64.0,0,0
PEGDA01TPO10SiNPSam02_S2_P__GrID057_LOC_RC012006-5.00x5.00-Z Height_Forward-251001-CRO_80e384e2.tiff,99,1.1283791670955126,11.019327803667116,4897.460937499999,620.1171874999999,501.4999999999999,63.499999999999986,0,0
PEGDA01TPO10SiNPSam02_S2_P__GrID057_LOC_RC012006-5.00x5.00-Z Height_Forward-251001-CRO_80e384e2.tiff,100,4.068428945128219,39.73075141726777,269.3058894230769,655.4236778846152,27.576923076923077,67.1153846153846,0,0
PEGDA01TPO10SiNPSam02_S2_P__GrID057_LOC_RC012006-5.00x5.00-Z Height_Forward-251001-CRO_80e384e2.tiff,101,1.1283791670955126,11.019327803667116,649.4140624999999,629.8828125,66.49999999999999,64.5,0,0
PEGDA01TPO10SiNPSam02_S2_P__GrID057_LOC_RC012006-5.00x5.00-Z Height_Forward-251001-CRO_80e384e2.tiff,102,1.9544100476116797,19.08603562120781,3266.6015625,639.6484375,334.5,65.5,0,0
PEGDA01TPO10SiNPSam02_S2_P__GrID057_LOC_RC012006-5.00x5.00-Z Height_Forward-251001-CRO_80e384e2.tiff,103,14.138550439257221,138.0717816333713,4928.872661226114,693.2038714171973,504.7165605095541,70.984076433121,0,0
PEGDA01TPO10SiNPSam02_S2_P__GrID057_LOC_RC012006-5.00x5.00-Z Height_Forward-251001-CRO_80e384e2.tiff,104,60.942922082818356,595.145723465023,4639.393332726259,1373.9651852288307,475.07387727116895,140.69403496743226,0,0
PEGDA01TPO10SiNPSam02_S2_P__GrID057_LOC_RC012006-5.00x5.00-Z Height_Forward-251001-CRO_80e384e2.tiff,105,1.1283791670955126,11.019327803667116,4760.7421875,649.4140624999999,487.5,66.49999999999999,0,0
PEGDA01TPO10SiNPSam02_S2_P__GrID057_LOC_RC012006-5.00x5.00-Z Height_Forward-251001-CRO_80e384e2.tiff,106,1.1283791670955126,11.019327803667116,864.2578124999999,659.1796874999999,88.49999999999999,67.49999999999999,0,0
PEGDA01TPO10SiNPSam02_S2_P__GrID057_LOC_RC012006-5.00x5.00-Z Height_Forward-251001-CRO_80e384e2.tiff,107,120.34046111685687,1175.1998155943054,3842.7803062357125,1636.8085587194475,393.50070335853695,167.60919641287143,0,0
PEGDA01TPO10SiNPSam02_S2_P__GrID057_LOC_RC012006-5.00x5.00-Z Height_Forward-251001-CRO_80e384e2.tiff,108,1.1283791670955126,11.019327803667116,1088.8671875,678.7109375,111.5,69.5,0,0
PEGDA01TPO10SiNPSam02_S2_P__GrID057_LOC_RC012006-5.00x5.00-Z Height_Forward-251001-CRO_80e384e2.tiff,109,1.1283791670955126,11.019327803667116,961.9140625,698.2421874999999,98.5,71.49999999999999,0,0
PEGDA01TPO10SiNPSam02_S2_P__GrID057_LOC_RC012006-5.00x5.00-Z Height_Forward-251001-CRO_80e384e2.tiff,110,1.5957691216057308,15.583682828180965,4536.1328125,732.4218749999999,464.5,74.99999999999999,0,0
PEGDA01TPO10SiNPSam02_S2_P__GrID057_LOC_RC012006-5.00x5.00-Z Height_Forward-251001-CRO_80e384e2.tiff,111,5.046265044040321,49.27993207070626,3819.3359374999995,770.0195312499999,391.09999999999997,78.85,0,0
PEGDA01TPO10SiNPSam02_S2_P__GrID057_LOC_RC012006-5.00x5.00-Z Height_Forward-251001-CRO_80e384e2.tiff,112,3.742410318509555,36.54697576669488,602.361505681818,766.6015624999999,61.681818181818166,78.49999999999999,0,0
PEGDA01TPO10SiNPSam02_S2_P__GrID057_LOC_RC012006-5.00x5.00-Z Height_Forward-251001-CRO_80e384e2.tiff,113,74.77161788360674,730.191580894597,2650.8756814364606,1600.235878430312,271.44966977909354,163.86415395126394,0,0
PEGDA01TPO10SiNPSam02_S2_P__GrID057_LOC_RC012006-5.00x5.00-Z Height_Forward-251001-CRO_80e384e2.tiff,114,3.5682482323055424,34.84617414360881,3729.4921874999995,787.1093749999999,381.9,80.6,0,0
PEGDA01TPO10SiNPSam02_S2_P__GrID057_LOC_RC012006-5.00x5.00-Z Height_Forward-251001-CRO_80e384e2.tiff,115,1.1283791670955126,11.019327803667116,3793.9453124999995,776.3671874999999,388.49999999999994,79.49999999999999,0,0
PEGDA01TPO10SiNPSam02_S2_P__GrID057_LOC_RC012006-5.00x5.00-Z Height_Forward-251001-CRO_80e384e2.tiff,116,20.248040236149336,197.73476793114585,4124.0962247670805,903.1686723602484,422.30745341614903,92.48447204968943,0,0
PEGDA01TPO10SiNPSam02_S2_P__GrID057_LOC_RC012006-5.00x5.00-Z Height_Forward-251001-CRO_80e384e2.tiff,117,122.45903542773293,1195.8890178489544,808.3554548204278,1651.3209214212939,82.7755985736118,169.0952623535405,0,0
PEGDA01TPO10SiNPSam02_S2_P__GrID057_LOC_RC012006-5.00x5.00-Z Height_Forward-251001-CRO_80e384e2.tiff,118,2.256758334191025,22.03865560733423,3771.9726562499995,793.45703125,386.24999999999994,81.25,0,0
PEGDA01TPO10SiNPSam02_S2_P__GrID057_LOC_RC012006-5.00x5.00-Z Height_Forward-251001-CRO_80e384e2.tiff,119,1.5957691216057308,15.583682828180965,3808.59375,815.4296874999999,390.0,83.49999999999999,0,0
PEGDA01TPO10SiNPSam02_S2_P__GrID057_LOC_RC012006-5.00x5.00-Z Height_Forward-251001-CRO_80e384e2.tiff,120,31.815490536285218,310.6981497684103,4898.5787637578605,1051.094487028302,501.6144654088049,107.63207547169812,0,0
PEGDA01TPO10SiNPSam02_S2_P__GrID057_LOC_RC012006-5.00x5.00-Z Height_Forward-251001-CRO_80e384e2.tiff,121,26.26967516446403,256.53979652796903,311.58109432656823,982.310164898524,31.905904059040587,100.58856088560886,0,0
PEGDA01TPO10SiNPSam02_S2_P__GrID057_LOC_RC012006-5.00x5.00-Z Height_Forward-251001-CRO_80e384e2.tiff,122,1.1283791670955126,11.019327803667116,3833.0078124999995,874.0234375,392.49999999999994,89.5,0,0
PEGDA01TPO10SiNPSam02_S2_P__GrID057_LOC_RC012006-5.00x5.00-Z Height_Forward-251001-CRO_80e384e2.tiff,123,1.5957691216057308,15.583682828180965,4995.1171875,878.90625,511.5,90.0,0,0
PEGDA01TPO10SiNPSam02_S2_P__GrID057_LOC_RC012006-5.00x5.00-Z Height_Forward-251001-CRO_80e384e2.tiff,124,4.51351666838205,44.07731121466846,7.324218749999999,959.4726562499999,0.7499999999999999,98.24999999999999,0,0
PEGDA01TPO10SiNPSam02_S2_P__GrID057_LOC_RC012006-5.00x5.00-Z Height_Forward-251001-CRO_80e384e2.tiff,125,1.1283791670955126,11.019327803667116,3676.7578124999995,913.0859375,376.49999999999994,93.5,0,0
PEGDA01TPO10SiNPSam02_S2_P__GrID057_LOC_RC012006-5.00x5.00-Z Height_Forward-251001-CRO_80e384e2.tiff,126,1.1283791670955126,11.019327803667116,512.6953125,922.8515624999999,52.5,94.49999999999999,0,0
PEGDA01TPO10SiNPSam02_S2_P__GrID057_LOC_RC012006-5.00x5.00-Z Height_Forward-251001-CRO_80e384e2.tiff,127,3.742410318509555,36.54697576669488,478.9595170454545,958.3629261363636,49.04545454545454,98.13636363636364,0,0
PEGDA01TPO10SiNPSam02_S2_P__GrID057_LOC_RC012006-5.00x5.00-Z Height_Forward-251001-CRO_80e384e2.tiff,128,1.5957691216057308,15.583682828180965,3749.9999999999995,942.3828124999999,383.99999999999994,96.49999999999999,0,0
PEGDA01TPO10SiNPSam02_S2_P__GrID057_LOC_RC012006-5.00x5.00-Z Height_Forward-251001-CRO_80e384e2.tiff,129,1.5957691216057308,15.583682828180965,512.6953125,966.796875,52.5,99.0,0,0
PEGDA01TPO10SiNPSam02_S2_P__GrID057_LOC_RC012006-5.00x5.00-Z Height_Forward-251001-CRO_80e384e2.tiff,130,3.1915382432114616,31.16736565636193,2971.1914062499995,1007.0800781249999,304.24999999999994,103.12499999999999,0,0
PEGDA01TPO10SiNPSam02_S2_P__GrID057_LOC_RC012006-5.00x5.00-Z Height_Forward-251001-CRO_80e384e2.tiff,131,1.1283791670955126,11.019327803667116,3745.1171875,1010.7421874999999,383.5,103.49999999999999,0,0
PEGDA01TPO10SiNPSam02_S2_P__GrID057_LOC_RC012006-5.00x5.00-Z Height_Forward-251001-CRO_80e384e2.tiff,132,2.763953195770684,26.991730427448086,2963.8671875,1040.0390625,303.5,106.5,0,0
PEGDA01TPO10SiNPSam02_S2_P__GrID057_LOC_RC012006-5.00x5.00-Z Height_Forward-251001-CRO_80e384e2.tiff,133,8.291859587312052,80.97519128234426,4246.238425925926,1104.6006944444443,434.81481481481484,113.1111111111111,0,0
PEGDA01TPO10SiNPSam02_S2_P__GrID057_LOC_RC012006-5.00x5.00-Z Height_Forward-251001-CRO_80e384e2.tiff,134,1.5957691216057308,15.583682828180965,419.92187499999994,1088.8671875,42.99999999999999,111.5,0,0
PEGDA01TPO10SiNPSam02_S2_P__GrID057_LOC_RC012006-5.00x5.00-Z Height_Forward-251001-CRO_80e384e2.tiff,135,1.1283791670955126,11.019327803667116,444.33593749999994,1088.8671875,45.49999999999999,111.5,0,0
PEGDA01TPO10SiNPSam02_S2_P__GrID057_LOC_RC012006-5.00x5.00-Z Height_Forward-251001-CRO_80e384e2.tiff,136,7.653039857325812,74.73671735669738,4117.697010869565,1129.8403532608695,421.65217391304344,115.69565217391303,0,0
PEGDA01TPO10SiNPSam02_S2_P__GrID057_LOC_RC012006-5.00x5.00-Z Height_Forward-251001-CRO_80e384e2.tiff,137,1.1283791670955126,11.019327803667116,424.80468749999994,1127.9296875,43.49999999999999,115.5,0,0
PEGDA01TPO10SiNPSam02_S2_P__GrID057_LOC_RC012006-5.00x5.00-Z Height_Forward-251001-CRO_80e384e2.tiff,138,1.1283791670955126,11.019327803667116,473.6328125,1127.9296875,48.5,115.5,0,0
PEGDA01TPO10SiNPSam02_S2_P__GrID057_LOC_RC012006-5.00x5.00-Z Height_Forward-251001-CRO_80e384e2.tiff,139,2.985410660720923,29.154400983602766,126.25558035714285,1161.4118303571427,12.928571428571427,118.9285714285714,0,0
PEGDA01TPO10SiNPSam02_S2_P__GrID057_LOC_RC012006-5.00x5.00-Z Height_Forward-251001-CRO_80e384e2.tiff,140,1.1283791670955126,11.019327803667116,249.02343749999997,1166.9921874999998,25.499999999999996,119.49999999999997,0,0
PEGDA01TPO10SiNPSam02_S2_P__GrID057_LOC_RC012006-5.00x5.00-Z Height_Forward-251001-CRO_80e384e2.tiff,141,1.5957691216057308,15.583682828180965,2563.4765624999995,1171.875,262.49999999999994,120.0,0,0
PEGDA01TPO10SiNPSam02_S2_P__GrID057_LOC_RC012006-5.00x5.00-Z Height_Forward-251001-CRO_80e384e2.tiff,142,1.9544100476116797,19.08603562120781,395.5078125,1196.2890625,40.5,122.5,0,0
PEGDA01TPO10SiNPSam02_S2_P__GrID057_LOC_RC012006-5.00x5.00-Z Height_Forward-251001-CRO_80e384e2.tiff,143,5.046265044040321,49.27993207070626,4283.203125,1230.95703125,438.6,126.05,0,0
PEGDA01TPO10SiNPSam02_S2_P__GrID057_LOC_RC012006-5.00x5.00-Z Height_Forward-251001-CRO_80e384e2.tiff,144,1.5957691216057308,15.583682828180965,434.5703125,1220.7031249999998,44.5,124.99999999999997,0,0
PEGDA01TPO10SiNPSam02_S2_P__GrID057_LOC_RC012006-5.00x5.00-Z Height_Forward-251001-CRO_80e384e2.tiff,145,7.653039857325812,74.73671735669738,2555.409307065217,1271.8665081521735,261.67391304347825,130.23913043478257,0,0
PEGDA01TPO10SiNPSam02_S2_P__GrID057_LOC_RC012006-5.00x5.00-Z Height_Forward-251001-CRO_80e384e2.tiff,146,1.5957691216057308,15.583682828180965,4096.6796875,1220.7031249999998,419.5,124.99999999999997,0,0
PEGDA01TPO10SiNPSam02_S2_P__GrID057_LOC_RC012006-5.00x5.00-Z Height_Forward-251001-CRO_80e384e2.tiff,147,1.1283791670955126,11.019327803667116,4252.929687499999,1245.1171874999998,435.4999999999999,127.49999999999997,0,0
PEGDA01TPO10SiNPSam02_S2_P__GrID057_LOC_RC012006-5.00x5.00-Z Height_Forward-251001-CRO_80e384e2.tiff,148,1.1283791670955126,11.019327803667116,4331.0546875,1245.1171874999998,443.5,127.49999999999997,0,0
PEGDA01TPO10SiNPSam02_S2_P__GrID057_LOC_RC012006-5.00x5.00-Z Height_Forward-251001-CRO_80e384e2.tiff,149,1.1283791670955126,11.019327803667116,3940.4296874999995,1274.4140625,403.49999999999994,130.5,0,0
PEGDA01TPO10SiNPSam02_S2_P__GrID057_LOC_RC012006-5.00x5.00-Z Height_Forward-251001-CRO_80e384e2.tiff,150,1.1283791670955126,11.019327803667116,4790.0390625,1303.7109374999998,490.5,133.49999999999997,0,0
PEGDA01TPO10SiNPSam02_S2_P__GrID057_LOC_RC012006-5.00x5.00-Z Height_Forward-251001-CRO_80e384e2.tiff,151,2.256758334191025,22.03865560733423,4853.515625,1303.7109374999998,497.0,133.49999999999997,0,0
PEGDA01TPO10SiNPSam02_S2_P__GrID057_LOC_RC012006-5.00x5.00-Z Height_Forward-251001-CRO_80e384e2.tiff,152,2.256758334191025,22.03865560733423,2844.2382812499995,1323.2421874999998,291.24999999999994,135.49999999999997,0,0
PEGDA01TPO10SiNPSam02_S2_P__GrID057_LOC_RC012006-5.00x5.00-Z Height_Forward-251001-CRO_80e384e2.tiff,153,6.180387232371033,60.35534406612337,4857.747395833333,1345.052083333333,497.4333333333333,137.7333333333333,0,0
PEGDA01TPO10SiNPSam02_S2_P__GrID057_LOC_RC012006-5.00x5.00-Z Height_Forward-251001-CRO_80e384e2.tiff,154,1.5957691216057308,15.583682828180965,2543.9453124999995,1328.1249999999998,260.49999999999994,135.99999999999997,0,0
PEGDA01TPO10SiNPSam02_S2_P__GrID057_LOC_RC012006-5.00x5.00-Z Height_Forward-251001-CRO_80e384e2.tiff,155,1.1283791670955126,11.019327803667116,2768.5546875,1323.2421874999998,283.5,135.49999999999997,0,0
PEGDA01TPO10SiNPSam02_S2_P__GrID057_LOC_RC012006-5.00x5.00-Z Height_Forward-251001-CRO_80e384e2.tiff,156,9.440697438826296,92.19431092603806,2957.449776785714,1370.6752232142856,302.84285714285716,140.35714285714283,0,0
PEGDA01TPO10SiNPSam02_S2_P__GrID057_LOC_RC012006-5.00x5.00-Z Height_Forward-251001-CRO_80e384e2.tiff,157,1.9544100476116797,19.08603562120781,2504.8828124999995,1352.5390625,256.49999999999994,138.5,0,0
PEGDA01TPO10SiNPSam02_S2_P__GrID057_LOC_RC012006-5.00x5.00-Z Height_Forward-251001-CRO_80e384e2.tiff,158,1.9544100476116797,19.08603562120781,2583.0078125,1352.5390625,264.5,138.5,0,0
PEGDA01TPO10SiNPSam02_S2_P__GrID057_LOC_RC012006-5.00x5.00-Z Height_Forward-251001-CRO_80e384e2.tiff,159,1.1283791670955126,11.019327803667116,3041.9921874999995,1342.7734375,311.49999999999994,137.5,0,0
PEGDA01TPO10SiNPSam02_S2_P__GrID057_LOC_RC012006-5.00x5.00-Z Height_Forward-251001-CRO_80e384e2.tiff,160,1.1283791670955126,11.019327803667116,4790.0390625,1342.7734375,490.5,137.5,0,0
PEGDA01TPO10SiNPSam02_S2_P__GrID057_LOC_RC012006-5.00x5.00-Z Height_Forward-251001-CRO_80e384e2.tiff,161,1.1283791670955126,11.019327803667116,3041.9921874999995,1362.3046875,311.49999999999994,139.5,0,0
PEGDA01TPO10SiNPSam02_S2_P__GrID057_LOC_RC012006-5.00x5.00-Z Height_Forward-251001-CRO_80e384e2.tiff,162,1.1283791670955126,11.019327803667116,2905.2734375,1372.0703124999998,297.5,140.49999999999997,0,0
PEGDA01TPO10SiNPSam02_S2_P__GrID057_LOC_RC012006-5.00x5.00-Z Height_Forward-251001-CRO_80e384e2.tiff,163,1.9544100476116797,19.08603562120781,304.36197916666663,1388.3463541666663,31.166666666666664,142.16666666666663,0,0
PEGDA01TPO10SiNPSam02_S2_P__GrID057_LOC_RC012006-5.00x5.00-Z Height_Forward-251001-CRO_80e384e2.tiff,164,1.5957691216057308,15.583682828180965,4868.1640625,1396.4843749999998,498.5,142.99999999999997,0,0
PEGDA01TPO10SiNPSam02_S2_P__GrID057_LOC_RC012006-5.00x5.00-Z Height_Forward-251001-CRO_80e384e2.tiff,165,1.5957691216057308,15.583682828180965,4848.6328125,1435.546875,496.5,147.0,0,0
PEGDA01TPO10SiNPSam02_S2_P__GrID057_LOC_RC012006-5.00x5.00-Z Height_Forward-251001-CRO_80e384e2.tiff,166,1.5957691216057308,15.583682828180965,297.8515625,1455.0781249999998,30.5,148.99999999999997,0,0
PEGDA01TPO10SiNPSam02_S2_P__GrID057_LOC_RC012006-5.00x5.00-Z Height_Forward-251001-CRO_80e384e2.tiff,167,1.5957691216057308,15.583682828180965,3237.3046875,1494.140625,331.5,153.0,0,0
PEGDA01TPO10SiNPSam02_S2_P__GrID057_LOC_RC012006-5.00x5.00-Z Height_Forward-251001-CRO_80e384e2.tiff,168,1.1283791670955126,11.019327803667116,395.5078125,1508.7890625,40.5,154.5,0,0
PEGDA01TPO10SiNPSam02_S2_P__GrID057_LOC_RC012006-5.00x5.00-Z Height_Forward-251001-CRO_80e384e2.tiff,169,1.1283791670955126,11.019327803667116,3129.8828124999995,1528.3203124999998,320.49999999999994,156.49999999999997,0,0
PEGDA01TPO10SiNPSam02_S2_P__GrID057_LOC_RC012006-5.00x5.00-Z Height_Forward-251001-CRO_80e384e2.tiff,170,10.764051215546116,105.11768765181755,95.56361607142857,1592.1724759615383,9.785714285714285,163.03846153846152,0,0
PEGDA01TPO10SiNPSam02_S2_P__GrID057_LOC_RC012006-5.00x5.00-Z Height_Forward-251001-CRO_80e384e2.tiff,171,1.1283791670955126,11.019327803667116,2709.9609374999995,1557.6171874999998,277.49999999999994,159.49999999999997,0,0
PEGDA01TPO10SiNPSam02_S2_P__GrID057_LOC_RC012006-5.00x5.00-Z Height_Forward-251001-CRO_80e384e2.tiff,172,1.1283791670955126,11.019327803667116,3540.0390624999995,1557.6171874999998,362.49999999999994,159.49999999999997,0,0
PEGDA01TPO10SiNPSam02_S2_P__GrID057_LOC_RC012006-5.00x5.00-Z Height_Forward-251001-CRO_80e384e2.tiff,173,1.1283791670955126,11.019327803667116,3393.5546875,1616.2109374999998,347.5,165.49999999999997,0,0
PEGDA01TPO10SiNPSam02_S2_P__GrID057_LOC_RC012006-5.00x5.00-Z Height_Forward-251001-CRO_80e384e2.tiff,174,2.256758334191025,22.03865560733423,437.01171875,1633.30078125,44.75,167.25,0,0
PEGDA01TPO10SiNPSam02_S2_P__GrID057_LOC_RC012006-5.00x5.00-Z Height_Forward-251001-CRO_80e384e2.tiff,175,1.1283791670955126,11.019327803667116,3969.7265625,1625.9765624999998,406.5,166.49999999999997,0,0
PEGDA01TPO10SiNPSam02_S2_P__GrID057_LOC_RC012006-5.00x5.00-Z Height_Forward-251001-CRO_80e384e2.tiff,176,1.1283791670955126,11.019327803667116,3901.3671874999995,1645.5078124999998,399.49999999999994,168.49999999999997,0,0
PEGDA01TPO10SiNPSam02_S2_P__GrID057_LOC_RC012006-5.00x5.00-Z Height_Forward-251001-CRO_80e384e2.tiff,177,1.1283791670955126,11.019327803667116,3032.2265624999995,1674.8046875,310.49999999999994,171.5,0,0
PEGDA01TPO10SiNPSam02_S2_P__GrID057_LOC_RC012006-5.00x5.00-Z Height_Forward-251001-CRO_80e384e2.tiff,178,1.5957691216057308,15.583682828180965,3051.7578124999995,1718.7499999999998,312.49999999999994,175.99999999999997,0,0
PEGDA01TPO10SiNPSam02_S2_P__GrID057_LOC_RC012006-5.00x5.00-Z Height_Forward-251001-CRO_80e384e2.tiff,179,192.40105645143979,1878.9165669085917,1504.6257233696774,3271.8370580243513,154.07367407305497,335.03611474169355,0,0
PEGDA01TPO10SiNPSam02_S2_P__GrID057_LOC_RC012006-5.00x5.00-Z Height_Forward-251001-CRO_80e384e2.tiff,180,8.058239062071396,78.69374084054097,1846.5647977941173,1793.1410845588234,189.08823529411762,183.6176470588235,0,0
PEGDA01TPO10SiNPSam02_S2_P__GrID057_LOC_RC012006-5.00x5.00-Z Height_Forward-251001-CRO_80e384e2.tiff,181,1.1283791670955126,11.019327803667116,3266.6015625,1752.9296875,334.5,179.5,0,0
PEGDA01TPO10SiNPSam02_S2_P__GrID057_LOC_RC012006-5.00x5.00-Z Height_Forward-251001-CRO_80e384e2.tiff,182,1.5957691216057308,15.583682828180965,3725.5859375,1777.3437499999998,381.5,181.99999999999997,0,0
PEGDA01TPO10SiNPSam02_S2_P__GrID057_LOC_RC012006-5.00x5.00-Z Height_Forward-251001-CRO_80e384e2.tiff,183,9.640875829802336,94.14917802541345,4971.305115582191,1833.4626498287669,509.0616438356164,187.74657534246572,0,0
PEGDA01TPO10SiNPSam02_S2_P__GrID057_LOC_RC012006-5.00x5.00-Z Height_Forward-251001-CRO_80e384e2.tiff,184,1.1283791670955126,11.019327803667116,73.2421875,1782.2265624999998,7.5,182.49999999999997,0,0
PEGDA01TPO10SiNPSam02_S2_P__GrID057_LOC_RC012006-5.00x5.00-Z Height_Forward-251001-CRO_80e384e2.tiff,185,1.1283791670955126,11.019327803667116,1791.9921874999998,1831.0546875,183.49999999999997,187.5,0,0
PEGDA01TPO10SiNPSam02_S2_P__GrID057_LOC_RC012006-5.00x5.00-Z Height_Forward-251001-CRO_80e384e2.tiff,186,1.5957691216057308,15.583682828180965,473.6328125,1874.9999999999998,48.5,191.99999999999997,0,0
PEGDA01TPO10SiNPSam02_S2_P__GrID057_LOC_RC012006-5.00x5.00-Z Height_Forward-251001-CRO_80e384e2.tiff,187,3.742410318509555,36.54697576669488,1409.3572443181818,1907.4041193181815,144.3181818181818,195.31818181818178,0,0
PEGDA01TPO10SiNPSam02_S2_P__GrID057_LOC_RC012006-5.00x5.00-Z Height_Forward-251001-CRO_80e384e2.tiff,188,1.1283791670955126,11.019327803667116,1450.1953124999998,1879.8828124999998,148.49999999999997,192.49999999999997,0,0
PEGDA01TPO10SiNPSam02_S2_P__GrID057_LOC_RC012006-5.00x5.00-Z Height_Forward-251001-CRO_80e384e2.tiff,189,1.1283791670955126,11.019327803667116,3442.3828124999995,1909.1796874999998,352.49999999999994,195.49999999999997,0,0
PEGDA01TPO10SiNPSam02_S2_P__GrID057_LOC_RC012006-5.00x5.00-Z Height_Forward-251001-CRO_80e384e2.tiff,190,1.1283791670955126,11.019327803667116,190.42968749999997,1928.7109374999998,19.499999999999996,197.49999999999997,0,0
PEGDA01TPO10SiNPSam02_S2_P__GrID057_LOC_RC012006-5.00x5.00-Z Height_Forward-251001-CRO_80e384e2.tiff,191,1.1283791670955126,11.019327803667116,3520.5078124999995,1928.7109374999998,360.49999999999994,197.49999999999997,0,0
PEGDA01TPO10SiNPSam02_S2_P__GrID057_LOC_RC012006-5.00x5.00-Z Height_Forward-251001-CRO_80e384e2.tiff,192,1.5957691216057308,15.583682828180965,4995.1171875,1943.359375,511.5,199.0,0,0
PEGDA01TPO10SiNPSam02_S2_P__GrID057_LOC_RC012006-5.00x5.00-Z Height_Forward-251001-CRO_80e384e2.tiff,193,15.306079714651624,149.47343471339477,1518.0770210597827,2085.3855298913045,155.45108695652175,213.5434782608696,0,0
PEGDA01TPO10SiNPSam02_S2_P__GrID057_LOC_RC012006-5.00x5.00-Z Height_Forward-251001-CRO_80e384e2.tiff,194,1.1283791670955126,11.019327803667116,2797.8515625,1967.7734374999998,286.5,201.49999999999997,0,0
PEGDA01TPO10SiNPSam02_S2_P__GrID057_LOC_RC012006-5.00x5.00-Z Height_Forward-251001-CRO_80e384e2.tiff,195,13.159049284959082,128.50634067342853,1272.5471047794117,2052.791819852941,130.30882352941177,210.20588235294116,0,0
PEGDA01TPO10SiNPSam02_S2_P__GrID057_LOC_RC012006-5.00x5.00-Z Height_Forward-251001-CRO_80e384e2.tiff,196,2.256758334191025,22.03865560733423,1079.1015624999998,2011.7187499999998,110.49999999999997,205.99999999999997,0,0
PEGDA01TPO10SiNPSam02_S2_P__GrID057_LOC_RC012006-5.00x5.00-Z Height_Forward-251001-CRO_80e384e2.tiff,197,3.1915382432114616,31.16736565636193,3616.9433593749995,2005.615234375,370.37499999999994,205.375,0,0
PEGDA01TPO10SiNPSam02_S2_P__GrID057_LOC_RC012006-5.00x5.00-Z Height_Forward-251001-CRO_80e384e2.tiff,198,1.5957691216057308,15.583682828180965,219.7265625,2011.7187499999998,22.5,205.99999999999997,0,0
PEGDA01TPO10SiNPSam02_S2_P__GrID057_LOC_RC012006-5.00x5.00-Z Height_Forward-251001-CRO_80e384e2.tiff,199,1.9544100476116797,19.08603562120781,1030.2734375,2016.6015625,105.5,206.5,0,0
PEGDA01TPO10SiNPSam02_S2_P__GrID057_LOC_RC012006-5.00x5.00-Z Height_Forward-251001-CRO_80e384e2.tiff,200,15.91774699517169,155.44674799972353,3899.1098068467336,2114.9448413944724,399.2688442211055,216.57035175879398,0,0
PEGDA01TPO10SiNPSam02_S2_P__GrID057_LOC_RC012006-5.00x5.00-Z Height_Forward-251001-CRO_80e384e2.tiff,201,6.180387232371033,60.35534406612337,4137.695312499999,2067.3828124999995,423.69999999999993,211.69999999999996,0,0
PEGDA01TPO10SiNPSam02_S2_P__GrID057_LOC_RC012006-5.00x5.00-Z Height_Forward-251001-CRO_80e384e2.tiff,202,1.9544100476116797,19.08603562120781,131.83593749999997,2045.8984374999995,13.499999999999996,209.49999999999994,0,0
PEGDA01TPO10SiNPSam02_S2_P__GrID057_LOC_RC012006-5.00x5.00-Z Height_Forward-251001-CRO_80e384e2.tiff,203,1.1283791670955126,11.019327803667116,1127.9296875,2075.1953124999995,115.5,212.49999999999994,0,0
PEGDA01TPO10SiNPSam02_S2_P__GrID057_LOC_RC012006-5.00x5.00-Z Height_Forward-251001-CRO_80e384e2.tiff,204,1.1283791670955126,11.019327803667116,53.71093749999999,2114.2578125,5.499999999999999,216.5,0,0
PEGDA01TPO10SiNPSam02_S2_P__GrID057_LOC_RC012006-5.00x5.00-Z Height_Forward-251001-CRO_80e384e2.tiff,205,79.04294051979242,771.9037160135979,4013.6947616287953,2793.208562066945,411.00234359078866,286.02455675565517,0,0
PEGDA01TPO10SiNPSam02_S2_P__GrID057_LOC_RC012006-5.00x5.00-Z Height_Forward-251001-CRO_80e384e2.tiff,206,2.5231325220201604,24.63996603535313,202.14843749999997,2135.7421874999995,20.699999999999996,218.69999999999996,0,0
PEGDA01TPO10SiNPSam02_S2_P__GrID057_LOC_RC012006-5.00x5.00-Z Height_Forward-251001-CRO_80e384e2.tiff,207,1.1283791670955126,11.019327803667116,229.49218749999997,2143.5546875,23.499999999999996,219.5,0,0
PEGDA01TPO10SiNPSam02_S2_P__GrID057_LOC_RC012006-5.00x5.00-Z Height_Forward-251001-CRO_80e384e2.tiff,208,25.281737508665255,246.89196785805913,130.70763819721114,2362.036230079681,13.384462151394422,241.87250996015933,0,0
PEGDA01TPO10SiNPSam02_S2_P__GrID057_LOC_RC012006-5.00x5.00-Z Height_Forward-251001-CRO_80e384e2.tiff,209,1.5957691216057308,15.583682828180965,278.3203125,2187.5,28.5,224.0,0,0
PEGDA01TPO10SiNPSam02_S2_P__GrID057_LOC_RC012006-5.00x5.00-Z Height_Forward-251001-CRO_80e384e2.tiff,210,18.91508160359296,184.7175937850875,449.6531639234875,2335.00959185943,46.04448398576512,239.10498220640565,0,0
PEGDA01TPO10SiNPSam02_S2_P__GrID057_LOC_RC012006-5.00x5.00-Z Height_Forward-251001-CRO_80e384e2.tiff,211,1.9544100476116797,19.08603562120781,802.4088541666666,2185.872395833333,82.16666666666666,223.83333333333331,0,0
PEGDA01TPO10SiNPSam02_S2_P__GrID057_LOC_RC012006-5.00x5.00-Z Height_Forward-251001-CRO_80e384e2.tiff,212,1.1283791670955126,11.019327803667116,14.648437499999998,2192.3828124999995,1.4999999999999998,224.49999999999994,0,0
PEGDA01TPO10SiNPSam02_S2_P__GrID057_LOC_RC012006-5.00x5.00-Z Height_Forward-251001-CRO_80e384e2.tiff,213,1.1283791670955126,11.019327803667116,180.6640625,2192.3828124999995,18.5,224.49999999999994,0,0
PEGDA01TPO10SiNPSam02_S2_P__GrID057_LOC_RC012006-5.00x5.00-Z Height_Forward-251001-CRO_80e384e2.tiff,214,2.985410660720923,29.154400983602766,783.3426339285713,2202.1484374999995,80.21428571428571,225.49999999999994,0,0
PEGDA01TPO10SiNPSam02_S2_P__GrID057_LOC_RC012006-5.00x5.00-Z Height_Forward-251001-CRO_80e384e2.tiff,215,2.256758334191025,22.03865560733423,3100.5859375,2194.82421875,317.5,224.75,0,0
PEGDA01TPO10SiNPSam02_S2_P__GrID057_LOC_RC012006-5.00x5.00-Z Height_Forward-251001-CRO_80e384e2.tiff,216,1.1283791670955126,11.019327803667116,3081.0546875,2202.1484374999995,315.5,225.49999999999994,0,0
PEGDA01TPO10SiNPSam02_S2_P__GrID057_LOC_RC012006-5.00x5.00-Z Height_Forward-251001-CRO_80e384e2.tiff,217,19.248706645328987,187.9756508332909,4308.268229166666,2342.625778565292,441.16666666666663,239.8848797250859,0,0
PEGDA01TPO10SiNPSam02_S2_P__GrID057_LOC_RC012006-5.00x5.00-Z Height_Forward-251001-CRO_80e384e2.tiff,218,48.75590456570926,476.1318805245045,3035.244647998125,2526.6946262386177,310.809051955008,258.73352972683443,1,1
PEGDA01TPO10SiNPSam02_S2_P__GrID057_LOC_RC012006-5.00x5.00-Z Height_Forward-251001-CRO_80e384e2.tiff,219,1.1283791670955126,11.019327803667116,717.7734375,2241.2109374999995,73.5,229.49999999999994,0,0
PEGDA01TPO10SiNPSam02_S2_P__GrID057_LOC_RC012006-5.00x5.00-Z Height_Forward-251001-CRO_80e384e2.tiff,220,1.1283791670955126,11.019327803667116,4038.0859375,2280.2734375,413.5,233.5,0,0
PEGDA01TPO10SiNPSam02_S2_P__GrID057_LOC_RC012006-5.00x5.00-Z Height_Forward-251001-CRO_80e384e2.tiff,221,22.45446191105733,219.28185460016923,3993.400804924242,2387.4980271464647,408.9242424242424,244.47979797979798,0,0
PEGDA01TPO10SiNPSam02_S2_P__GrID057_LOC_RC012006-5.00x5.00-Z Height_Forward-251001-CRO_80e384e2.tiff,222,1.5957691216057308,15.583682828180965,3227.5390625,2304.6874999999995,330.5,235.99999999999994,0,0
PEGDA01TPO10SiNPSam02_S2_P__GrID057_LOC_RC012006-5.00x5.00-Z Height_Forward-251001-CRO_80e384e2.tiff,223,1.5957691216057308,15.583682828180965,3208.0078124999995,2314.4531249999995,328.49999999999994,236.99999999999994,0,0
PEGDA01TPO10SiNPSam02_S2_P__GrID057_LOC_RC012006-5.00x5.00-Z Height_Forward-251001-CRO_80e384e2.tiff,224,7.399277020331919,72.2585646516789,3833.9162427325573,2367.028524709302,392.5930232558139,242.38372093023253,0,0
PEGDA01TPO10SiNPSam02_S2_P__GrID057_LOC_RC012006-5.00x5.00-Z Height_Forward-251001-CRO_80e384e2.tiff,225,1.1283791670955126,11.019327803667116,3344.7265624999995,2348.6328124999995,342.49999999999994,240.49999999999994,0,0
PEGDA01TPO10SiNPSam02_S2_P__GrID057_LOC_RC012006-5.00x5.00-Z Height_Forward-251001-CRO_80e384e2.tiff,226,14.093451279891855,137.6313601551939,4968.324318910256,2478.215144230769,508.7564102564102,253.76923076923075,0,0
PEGDA01TPO10SiNPSam02_S2_P__GrID057_LOC_RC012006-5.00x5.00-Z Height_Forward-251001-CRO_80e384e2.tiff,227,1.1283791670955126,11.019327803667116,3413.0859375,2358.3984374999995,349.5,241.49999999999994,0,0
PEGDA01TPO10SiNPSam02_S2_P__GrID057_LOC_RC012006-5.00x5.00-Z Height_Forward-251001-CRO_80e384e2.tiff,228,2.256758334191025,22.03865560733423,3491.2109374999995,2373.046875,357.49999999999994,243.0,0,0
PEGDA01TPO10SiNPSam02_S2_P__GrID057_LOC_RC012006-5.00x5.00-Z Height_Forward-251001-CRO_80e384e2.tiff,229,1.1283791670955126,11.019327803667116,3510.7421874999995,2358.3984374999995,359.49999999999994,241.49999999999994,0,0
PEGDA01TPO10SiNPSam02_S2_P__GrID057_LOC_RC012006-5.00x5.00-Z Height_Forward-251001-CRO_80e384e2.tiff,230,1.1283791670955126,11.019327803667116,3344.7265624999995,2368.1640624999995,342.49999999999994,242.49999999999994,0,0
PEGDA01TPO10SiNPSam02_S2_P__GrID057_LOC_RC012006-5.00x5.00-Z Height_Forward-251001-CRO_80e384e2.tiff,231,1.1283791670955126,11.019327803667116,3754.8828124999995,2368.1640624999995,384.49999999999994,242.49999999999994,0,0
PEGDA01TPO10SiNPSam02_S2_P__GrID057_LOC_RC012006-5.00x5.00-Z Height_Forward-251001-CRO_80e384e2.tiff,232,2.5231325220201604,24.63996603535313,3512.6953124999995,2389.6484374999995,359.69999999999993,244.69999999999996,0,0
PEGDA01TPO10SiNPSam02_S2_P__GrID057_LOC_RC012006-5.00x5.00-Z Height_Forward-251001-CRO_80e384e2.tiff,233,12.412170838050638,121.21260584033827,4529.272662706611,2457.830255681818,463.797520661157,251.68181818181816,0,0
PEGDA01TPO10SiNPSam02_S2_P__GrID057_LOC_RC012006-5.00x5.00-Z Height_Forward-251001-CRO_80e384e2.tiff,234,1.1283791670955126,11.019327803667116,1333.0078125,2416.9921875,136.5,247.5,0,0
PEGDA01TPO10SiNPSam02_S2_P__GrID057_LOC_RC012006-5.00x5.00-Z Height_Forward-251001-CRO_80e384e2.tiff,235,1.5957691216057308,15.583682828180965,4848.6328125,2431.6406249999995,496.5,248.99999999999994,0,0
PEGDA01TPO10SiNPSam02_S2_P__GrID057_LOC_RC012006-5.00x5.00-Z Height_Forward-251001-CRO_80e384e2.tiff,236,5.641895835477563,55.09663901833557,359.57031249999994,2455.6640624999995,36.81999999999999,251.45999999999995,0,0
PEGDA01TPO10SiNPSam02_S2_P__GrID057_LOC_RC012006-5.00x5.00-Z Height_Forward-251001-CRO_80e384e2.tiff,237,28.590554169515052,279.20463056167046,1013.2976781542054,2594.0968165887853,103.76168224299063,265.6355140186916,0,0
PEGDA01TPO10SiNPSam02_S2_P__GrID057_LOC_RC012006-5.00x5.00-Z Height_Forward-251001-CRO_80e384e2.tiff,238,1.5957691216057308,15.583682828180965,4458.0078125,2451.1718749999995,456.5,250.99999999999994,0,0
PEGDA01TPO10SiNPSam02_S2_P__GrID057_LOC_RC012006-5.00x5.00-Z Height_Forward-251001-CRO_80e384e2.tiff,239,3.385137501286538,33.057983411001345,4763.997395833333,2481.0112847222217,487.8333333333333,254.05555555555551,0,0
PEGDA01TPO10SiNPSam02_S2_P__GrID057_LOC_RC012006-5.00x5.00-Z Height_Forward-251001-CRO_80e384e2.tiff,240,1.1283791670955126,11.019327803667116,1274.4140625,2495.1171875,130.5,255.5,0,0
PEGDA01TPO10SiNPSam02_S2_P__GrID057_LOC_RC012006-5.00x5.00-Z Height_Forward-251001-CRO_80e384e2.tiff,241,1.9544100476116797,19.08603562120781,63.47656249999999,2514.6484374999995,6.499999999999999,257.49999999999994,0,0
PEGDA01TPO10SiNPSam02_S2_P__GrID057_LOC_RC012006-5.00x5.00-Z Height_Forward-251001-CRO_80e384e2.tiff,242,1.1283791670955126,11.019327803667116,4770.5078125,2504.8828124999995,488.5,256.49999999999994,0,0
PEGDA01TPO10SiNPSam02_S2_P__GrID057_LOC_RC012006-5.00x5.00-Z Height_Forward-251001-CRO_80e384e2.tiff,243,4.222008245644752,41.23054927387454,1250.6975446428569,2538.3649553571427,128.07142857142856,259.9285714285714,0,0
PEGDA01TPO10SiNPSam02_S2_P__GrID057_LOC_RC012006-5.00x5.00-Z Height_Forward-251001-CRO_80e384e2.tiff,244,5.970821321441846,58.30880196720553,4694.126674107142,2561.03515625,480.6785714285714,262.25,0,0
PEGDA01TPO10SiNPSam02_S2_P__GrID057_LOC_RC012006-5.00x5.00-Z Height_Forward-251001-CRO_80e384e2.tiff,245,1.5957691216057308,15.583682828180965,1518.5546875,2548.828125,155.5,261.0,0,0
PEGDA01TPO10SiNPSam02_S2_P__GrID057_LOC_RC012006-5.00x5.00-Z Height_Forward-251001-CRO_80e384e2.tiff,246,1.5957691216057308,15.583682828180965,2641.6015625,2568.359375,270.5,263.0,0,0
PEGDA01TPO10SiNPSam02_S2_P__GrID057_LOC_RC012006-5.00x5.00-Z Height_Forward-251001-CRO_80e384e2.tiff,247,15.756957549709801,153.87653857138477,414.9889823717948,2674.153645833333,42.49487179487179,273.8333333333333,0,0
PEGDA01TPO10SiNPSam02_S2_P__GrID057_LOC_RC012006-5.00x5.00-Z Height_Forward-251001-CRO_80e384e2.tiff,248,2.985410660720923,29.154400983602766,4916.9921875,2608.119419642857,503.5,267.07142857142856,0,0
PEGDA01TPO10SiNPSam02_S2_P__GrID057_LOC_RC012006-5.00x5.00-Z Height_Forward-251001-CRO_80e384e2.tiff,249,1.1283791670955126,11.019327803667116,2514.6484374999995,2612.3046875,257.49999999999994,267.5,0,0
PEGDA01TPO10SiNPSam02_S2_P__GrID057_LOC_RC012006-5.00x5.00-Z Height_Forward-251001-CRO_80e384e2.tiff,250,1.5957691216057308,15.583682828180965,3823.2421875,2617.1874999999995,391.5,267.99999999999994,0,0
PEGDA01TPO10SiNPSam02_S2_P__GrID057_LOC_RC012006-5.00x5.00-Z Height_Forward-251001-CRO_80e384e2.tiff,251,1.5957691216057308,15.583682828180965,4018.5546874999995,2617.1874999999995,411.49999999999994,267.99999999999994,0,0
PEGDA01TPO10SiNPSam02_S2_P__GrID057_LOC_RC012006-5.00x5.00-Z Height_Forward-251001-CRO_80e384e2.tiff,252,1.1283791670955126,11.019327803667116,4926.757812499999,2622.0703125,504.4999999999999,268.5,0,0
PEGDA01TPO10SiNPSam02_S2_P__GrID057_LOC_RC012006-5.00x5.00-Z Height_Forward-251001-CRO_80e384e2.tiff,253,13.303394180365686,129.91595879263366,2673.568176708633,2702.584026528777,273.773381294964,276.74460431654677,0,0
PEGDA01TPO10SiNPSam02_S2_P__GrID057_LOC_RC012006-5.00x5.00-Z Height_Forward-251001-CRO_80e384e2.tiff,254,2.256758334191025,22.03865560733423,4018.5546874999995,2656.2499999999995,411.49999999999994,271.99999999999994,0,0
PEGDA01TPO10SiNPSam02_S2_P__GrID057_LOC_RC012006-5.00x5.00-Z Height_Forward-251001-CRO_80e384e2.tiff,255,8.884866446580956,86.76627389239215,182.39667338709674,2704.763104838709,18.677419354838705,276.9677419354838,0,0
PEGDA01TPO10SiNPSam02_S2_P__GrID057_LOC_RC012006-5.00x5.00-Z Height_Forward-251001-CRO_80e384e2.tiff,256,1.1283791670955126,11.019327803667116,1547.8515624999998,2661.1328124999995,158.49999999999997,272.49999999999994,0,0
PEGDA01TPO10SiNPSam02_S2_P__GrID057_LOC_RC012006-5.00x5.00-Z Height_Forward-251001-CRO_80e384e2.tiff,257,32.74244487919323,319.7504382733714,4863.130474317101,2910.1794462589073,497.98456057007115,298.00237529691213,0,0
PEGDA01TPO10SiNPSam02_S2_P__GrID057_LOC_RC012006-5.00x5.00-Z Height_Forward-251001-CRO_80e384e2.tiff,258,1.5957691216057308,15.583682828180965,1362.3046875,2685.546875,139.5,275.0,0,0
PEGDA01TPO10SiNPSam02_S2_P__GrID057_LOC_RC012006-5.00x5.00-Z Height_Forward-251001-CRO_80e384e2.tiff,259,4.51351666838205,44.07731121466846,1532.5927734374998,2708.1298828124995,156.93749999999997,277.31249999999994,0,0
PEGDA01TPO10SiNPSam02_S2_P__GrID057_LOC_RC012006-5.00x5.00-Z Height_Forward-251001-CRO_80e384e2.tiff,260,1.9544100476116797,19.08603562120781,4409.1796875,2709.9609374999995,451.5,277.49999999999994,0,0
PEGDA01TPO10SiNPSam02_S2_P__GrID057_LOC_RC012006-5.00x5.00-Z Height_Forward-251001-CRO_80e384e2.tiff,261,1.1283791670955126,11.019327803667116,3979.4921874999995,2709.9609374999995,407.49999999999994,277.49999999999994,0,0
PEGDA01TPO10SiNPSam02_S2_P__GrID057_LOC_RC012006-5.00x5.00-Z Height_Forward-251001-CRO_80e384e2.tiff,262,1.9544100476116797,19.08603562120781,1577.1484375,2739.2578125,161.5,280.5,0,0
PEGDA01TPO10SiNPSam02_S2_P__GrID057_LOC_RC012006-5.00x5.00-Z Height_Forward-251001-CRO_80e384e2.tiff,263,1.5957691216057308,15.583682828180965,2485.3515625,2734.3749999999995,254.5,279.99999999999994,0,0
PEGDA01TPO10SiNPSam02_S2_P__GrID057_LOC_RC012006-5.00x5.00-Z Height_Forward-251001-CRO_80e384e2.tiff,264,1.1283791670955126,11.019327803667116,541.9921874999999,2739.2578125,55.499999999999986,280.5,0,0
PEGDA01TPO10SiNPSam02_S2_P__GrID057_LOC_RC012006-5.00x5.00-Z Height_Forward-251001-CRO_80e384e2.tiff,265,16.774562271083887,163.8140846785536,322.6854143099547,2851.4078407805428,33.04298642533936,291.98416289592757,0,0
PEGDA01TPO10SiNPSam02_S2_P__GrID057_LOC_RC012006-5.00x5.00-Z Height_Forward-251001-CRO_80e384e2.tiff,266,1.1283791670955126,11.019327803667116,2495.1171875,2758.7890625,255.5,282.5,0,0
PEGDA01TPO10SiNPSam02_S2_P__GrID057_LOC_RC012006-5.00x5.00-Z Height_Forward-251001-CRO_80e384e2.tiff,267,5.292567428401227,51.68522879298074,2148.4374999999995,2804.9538352272725,219.99999999999994,287.2272727272727,0,0
PEGDA01TPO10SiNPSam02_S2_P__GrID057_LOC_RC012006-5.00x5.00-Z Height_Forward-251001-CRO_80e384e2.tiff,268,1.9544100476116797,19.08603562120781,1508.7890625,2797.8515625,154.5,286.5,0,0
PEGDA01TPO10SiNPSam02_S2_P__GrID057_LOC_RC012006-5.00x5.00-Z Height_Forward-251001-CRO_80e384e2.tiff,269,26.844991754889815,262.15812260634584,1632.2051678445227,2967.835551015901,167.13780918727912,303.90636042402826,0,0
PEGDA01TPO10SiNPSam02_S2_P__GrID057_LOC_RC012006-5.00x5.00-Z Height_Forward-251001-CRO_80e384e2.tiff,270,1.1283791670955126,11.019327803667116,1499.0234375,2827.1484374999995,153.5,289.49999999999994,0,0
PEGDA01TPO10SiNPSam02_S2_P__GrID057_LOC_RC012006-5.00x5.00-Z Height_Forward-251001-CRO_80e384e2.tiff,271,1.1283791670955126,11.019327803667116,4536.1328125,2827.1484374999995,464.5,289.49999999999994,0,0
PEGDA01TPO10SiNPSam02_S2_P__GrID057_LOC_RC012006-5.00x5.00-Z Height_Forward-251001-CRO_80e384e2.tiff,272,2.5231325220201604,24.63996603535313,4702.1484375,2846.6796874999995,481.5,291.49999999999994,0,0
PEGDA01TPO10SiNPSam02_S2_P__GrID057_LOC_RC012006-5.00x5.00-Z Height_Forward-251001-CRO_80e384e2.tiff,273,4.222008245644752,41.23054927387454,2594.168526785714,2865.513392857143,265.6428571428571,293.42857142857144,0,0
PEGDA01TPO10SiNPSam02_S2_P__GrID057_LOC_RC012006-5.00x5.00-Z Height_Forward-251001-CRO_80e384e2.tiff,274,23.28948359361322,227.4363632188791,3165.1857761150236,2940.9202611502346,324.11502347417843,301.150234741784,0,0
PEGDA01TPO10SiNPSam02_S2_P__GrID057_LOC_RC012006-5.00x5.00-Z Height_Forward-251001-CRO_80e384e2.tiff,275,1.1283791670955126,11.019327803667116,620.1171874999999,2866.2109374999995,63.499999999999986,293.49999999999994,0,0
PEGDA01TPO10SiNPSam02_S2_P__GrID057_LOC_RC012006-5.00x5.00-Z Height_Forward-251001-CRO_80e384e2.tiff,276,1.9544100476116797,19.08603562120781,2563.4765624999995,2875.9765624999995,262.49999999999994,294.49999999999994,0,0
PEGDA01TPO10SiNPSam02_S2_P__GrID057_LOC_RC012006-5.00x5.00-Z Height_Forward-251001-CRO_80e384e2.tiff,277,1.1283791670955126,11.019327803667116,2622.0703125,2885.7421874999995,268.5,295.49999999999994,0,0
PEGDA01TPO10SiNPSam02_S2_P__GrID057_LOC_RC012006-5.00x5.00-Z Height_Forward-251001-CRO_80e384e2.tiff,278,1.1283791670955126,11.019327803667116,2573.2421874999995,2895.5078124999995,263.49999999999994,296.49999999999994,0,0
PEGDA01TPO10SiNPSam02_S2_P__GrID057_LOC_RC012006-5.00x5.00-Z Height_Forward-251001-CRO_80e384e2.tiff,279,1.1283791670955126,11.019327803667116,2592.7734375,2895.5078124999995,265.5,296.49999999999994,0,0
PEGDA01TPO10SiNPSam02_S2_P__GrID057_LOC_RC012006-5.00x5.00-Z Height_Forward-251001-CRO_80e384e2.tiff,280,1.1283791670955126,11.019327803667116,2612.3046875,2895.5078124999995,267.5,296.49999999999994,0,0
PEGDA01TPO10SiNPSam02_S2_P__GrID057_LOC_RC012006-5.00x5.00-Z Height_Forward-251001-CRO_80e384e2.tiff,281,1.5957691216057308,15.583682828180965,278.3203125,2929.6874999999995,28.5,299.99999999999994,0,0
PEGDA01TPO10SiNPSam02_S2_P__GrID057_LOC_RC012006-5.00x5.00-Z Height_Forward-251001-CRO_80e384e2.tiff,282,2.5231325220201604,24.63996603535313,256.8359375,2952.1484374999995,26.3,302.29999999999995,0,0
PEGDA01TPO10SiNPSam02_S2_P__GrID057_LOC_RC012006-5.00x5.00-Z Height_Forward-251001-CRO_80e384e2.tiff,283,1.5957691216057308,15.583682828180965,3920.8984374999995,2949.2187499999995,401.49999999999994,301.99999999999994,0,0
PEGDA01TPO10SiNPSam02_S2_P__GrID057_LOC_RC012006-5.00x5.00-Z Height_Forward-251001-CRO_80e384e2.tiff,284,1.5957691216057308,15.583682828180965,2055.6640624999995,2958.9843749999995,210.49999999999994,302.99999999999994,0,0
PEGDA01TPO10SiNPSam02_S2_P__GrID057_LOC_RC012006-5.00x5.00-Z Height_Forward-251001-CRO_80e384e2.tiff,285,6.282549314314218,61.353020647599784,1793.5672883064515,3038.8419858870966,183.66129032258064,311.1774193548387,0,0
PEGDA01TPO10SiNPSam02_S2_P__GrID057_LOC_RC012006-5.00x5.00-Z Height_Forward-251001-CRO_80e384e2.tiff,286,26.844991754889815,262.15812260634584,3815.322714222614,3144.3242049469964,390.6890459363957,321.97879858657245,0,0
PEGDA01TPO10SiNPSam02_S2_P__GrID057_LOC_RC012006-5.00x5.00-Z Height_Forward-251001-CRO_80e384e2.tiff,287,1.5957691216057308,15.583682828180965,1020.5078124999999,3027.34375,104.49999999999999,310.0,0,0
PEGDA01TPO10SiNPSam02_S2_P__GrID057_LOC_RC012006-5.00x5.00-Z Height_Forward-251001-CRO_80e384e2.tiff,288,1.1283791670955126,11.019327803667116,3920.8984374999995,3032.2265624999995,401.49999999999994,310.49999999999994,0,0
PEGDA01TPO10SiNPSam02_S2_P__GrID057_LOC_RC012006-5.00x5.00-Z Height_Forward-251001-CRO_80e384e2.tiff,289,107.47478378595324,1049.5584354096995,3978.3726714065256,3928.4282596863977,407.3853615520282,402.27105379188714,0,0
PEGDA01TPO10SiNPSam02_S2_P__GrID057_LOC_RC012006-5.00x5.00-Z Height_Forward-251001-CRO_80e384e2.tiff,290,16.545286401814263,161.5750625177174,2973.133175872093,3199.2414607558135,304.4488372093023,327.6023255813953,0,0
PEGDA01TPO10SiNPSam02_S2_P__GrID057_LOC_RC012006-5.00x5.00-Z Height_Forward-251001-CRO_80e384e2.tiff,291,5.4115163798060095,52.84683964654306,3149.838654891304,3141.7713994565215,322.5434782608695,321.7173913043478,0,0
PEGDA01TPO10SiNPSam02_S2_P__GrID057_LOC_RC012006-5.00x5.00-Z Height_Forward-251001-CRO_80e384e2.tiff,292,1.1283791670955126,11.019327803667116,3442.3828124999995,3139.6484374999995,352.49999999999994,321.49999999999994,0,0
PEGDA01TPO10SiNPSam02_S2_P__GrID057_LOC_RC012006-5.00x5.00-Z Height_Forward-251001-CRO_80e384e2.tiff,293,3.742410318509555,36.54697576669488,1786.6654829545455,3199.1299715909086,182.95454545454547,327.590909090909,0,0
PEGDA01TPO10SiNPSam02_S2_P__GrID057_LOC_RC012006-5.00x5.00-Z Height_Forward-251001-CRO_80e384e2.tiff,294,50.47526452644959,492.9225051411093,4532.01865863943,3504.968707052723,464.07871064467764,358.90879560219884,1,1
PEGDA01TPO10SiNPSam02_S2_P__GrID057_LOC_RC012006-5.00x5.00-Z Height_Forward-251001-CRO_80e384e2.tiff,295,1.1283791670955126,11.019327803667116,1772.4609374999998,3168.9453124999995,181.49999999999997,324.49999999999994,0,0
PEGDA01TPO10SiNPSam02_S2_P__GrID057_LOC_RC012006-5.00x5.00-Z Height_Forward-251001-CRO_80e384e2.tiff,296,1.9544100476116797,19.08603562120781,268.55468749999994,3188.4765624999995,27.499999999999993,326.49999999999994,0,0
PEGDA01TPO10SiNPSam02_S2_P__GrID057_LOC_RC012006-5.00x5.00-Z Height_Forward-251001-CRO_80e384e2.tiff,297,1.1283791670955126,11.019327803667116,1733.3984375,3178.7109374999995,177.5,325.49999999999994,0,0
PEGDA01TPO10SiNPSam02_S2_P__GrID057_LOC_RC012006-5.00x5.00-Z Height_Forward-251001-CRO_80e384e2.tiff,298,4.370193722368317,42.677673070003095,1752.9296875,3208.0078124999995,179.5,328.49999999999994,0,0
PEGDA01TPO10SiNPSam02_S2_P__GrID057_LOC_RC012006-5.00x5.00-Z Height_Forward-251001-CRO_80e384e2.tiff,299,1.5957691216057308,15.583682828180965,4213.867187499999,3193.359375,431.4999999999999,327.0,0,0
PEGDA01TPO10SiNPSam02_S2_P__GrID057_LOC_RC012006-5.00x5.00-Z Height_Forward-251001-CRO_80e384e2.tiff,300,1.9544100476116797,19.08603562120781,3959.9609374999995,3208.0078124999995,405.49999999999994,328.49999999999994,0,0
PEGDA01TPO10SiNPSam02_S2_P__GrID057_LOC_RC012006-5.00x5.00-Z Height_Forward-251001-CRO_80e384e2.tiff,301,1.9544100476116797,19.08603562120781,981.4453124999998,3208.0078124999995,100.49999999999997,328.49999999999994,0,0
PEGDA01TPO10SiNPSam02_S2_P__GrID057_LOC_RC012006-5.00x5.00-Z Height_Forward-251001-CRO_80e384e2.tiff,302,1.5957691216057308,15.583682828180965,9.765625,3217.7734374999995,1.0,329.49999999999994,0,0
PEGDA01TPO10SiNPSam02_S2_P__GrID057_LOC_RC012006-5.00x5.00-Z Height_Forward-251001-CRO_80e384e2.tiff,303,1.1283791670955126,11.019327803667116,4194.335937499999,3217.7734374999995,429.4999999999999,329.49999999999994,0,0
PEGDA01TPO10SiNPSam02_S2_P__GrID057_LOC_RC012006-5.00x5.00-Z Height_Forward-251001-CRO_80e384e2.tiff,304,1.5957691216057308,15.583682828180965,493.16406249999994,3232.4218749999995,50.49999999999999,330.99999999999994,0,0
PEGDA01TPO10SiNPSam02_S2_P__GrID057_LOC_RC012006-5.00x5.00-Z Height_Forward-251001-CRO_80e384e2.tiff,305,1.1283791670955126,11.019327803667116,3969.7265625,3237.3046875,406.5,331.5,0,0
PEGDA01TPO10SiNPSam02_S2_P__GrID057_LOC_RC012006-5.00x5.00-Z Height_Forward-251001-CRO_80e384e2.tiff,306,1.1283791670955126,11.019327803667116,1147.4609374999998,3247.0703125,117.49999999999997,332.5,0,0
PEGDA01TPO10SiNPSam02_S2_P__GrID057_LOC_RC012006-5.00x5.00-Z Height_Forward-251001-CRO_80e384e2.tiff,307,1.9544100476116797,19.08603562120781,3911.1328125,3256.8359375,400.5,333.5,0,0
PEGDA01TPO10SiNPSam02_S2_P__GrID057_LOC_RC012006-5.00x5.00-Z Height_Forward-251001-CRO_80e384e2.tiff,308,1.1283791670955126,11.019327803667116,463.86718749999994,3256.8359375,47.49999999999999,333.5,0,0
PEGDA01TPO10SiNPSam02_S2_P__GrID057_LOC_RC012006-5.00x5.00-Z Height_Forward-251001-CRO_80e384e2.tiff,309,2.763953195770684,26.991730427448086,4991.861979166666,3281.2499999999995,511.16666666666663,335.99999999999994,0,0
PEGDA01TPO10SiNPSam02_S2_P__GrID057_LOC_RC012006-5.00x5.00-Z Height_Forward-251001-CRO_80e384e2.tiff,310,4.787307364817192,46.751048484542885,657.009548611111,3317.5998263888887,67.27777777777776,339.72222222222223,0,0
PEGDA01TPO10SiNPSam02_S2_P__GrID057_LOC_RC012006-5.00x5.00-Z Height_Forward-251001-CRO_80e384e2.tiff,311,1.1283791670955126,11.019327803667116,3334.9609374999995,3276.3671875,341.49999999999994,335.5,0,0
PEGDA01TPO10SiNPSam02_S2_P__GrID057_LOC_RC012006-5.00x5.00-Z Height_Forward-251001-CRO_80e384e2.tiff,312,1.5957691216057308,15.583682828180965,620.1171874999999,3291.0156249999995,63.499999999999986,336.99999999999994,0,0
PEGDA01TPO10SiNPSam02_S2_P__GrID057_LOC_RC012006-5.00x5.00-Z Height_Forward-251001-CRO_80e384e2.tiff,313,1.1283791670955126,11.019327803667116,3344.7265624999995,3286.1328124999995,342.49999999999994,336.49999999999994,0,0
PEGDA01TPO10SiNPSam02_S2_P__GrID057_LOC_RC012006-5.00x5.00-Z Height_Forward-251001-CRO_80e384e2.tiff,314,1.5957691216057308,15.583682828180965,1713.8671874999998,3310.546875,175.49999999999997,339.0,0,0
PEGDA01TPO10SiNPSam02_S2_P__GrID057_LOC_RC012006-5.00x5.00-Z Height_Forward-251001-CRO_80e384e2.tiff,315,1.1283791670955126,11.019327803667116,1704.1015624999998,3334.9609374999995,174.49999999999997,341.49999999999994,0,0
PEGDA01TPO10SiNPSam02_S2_P__GrID057_LOC_RC012006-5.00x5.00-Z Height_Forward-251001-CRO_80e384e2.tiff,316,1.1283791670955126,11.019327803667116,1752.9296875,3334.9609374999995,179.5,341.49999999999994,0,0
PEGDA01TPO10SiNPSam02_S2_P__GrID057_LOC_RC012006-5.00x5.00-Z Height_Forward-251001-CRO_80e384e2.tiff,317,77.12700663841869,753.1934242033076,2742.6042948683644,4362.976910316781,280.8426797945205,446.76883561643837,0,0
PEGDA01TPO10SiNPSam02_S2_P__GrID057_LOC_RC012006-5.00x5.00-Z Height_Forward-251001-CRO_80e384e2.tiff,318,1.1283791670955126,11.019327803667116,1459.9609374999998,3354.4921874999995,149.49999999999997,343.49999999999994,0,0
PEGDA01TPO10SiNPSam02_S2_P__GrID057_LOC_RC012006-5.00x5.00-Z Height_Forward-251001-CRO_80e384e2.tiff,319,1.1283791670955126,11.019327803667116,1704.1015624999998,3354.4921874999995,174.49999999999997,343.49999999999994,0,0
PEGDA01TPO10SiNPSam02_S2_P__GrID057_LOC_RC012006-5.00x5.00-Z Height_Forward-251001-CRO_80e384e2.tiff,320,1.9544100476116797,19.08603562120781,1411.1328125,3374.0234374999995,144.5,345.49999999999994,0,0
PEGDA01TPO10SiNPSam02_S2_P__GrID057_LOC_RC012006-5.00x5.00-Z Height_Forward-251001-CRO_80e384e2.tiff,321,1.1283791670955126,11.019327803667116,1782.2265624999998,3374.0234374999995,182.49999999999997,345.49999999999994,0,0
PEGDA01TPO10SiNPSam02_S2_P__GrID057_LOC_RC012006-5.00x5.00-Z Height_Forward-251001-CRO_80e384e2.tiff,322,1.1283791670955126,11.019327803667116,688.4765624999999,3383.7890624999995,70.49999999999999,346.49999999999994,0,0
PEGDA01TPO10SiNPSam02_S2_P__GrID057_LOC_RC012006-5.00x5.00-Z Height_Forward-251001-CRO_80e384e2.tiff,323,1.1283791670955126,11.019327803667116,3178.7109374999995,3383.7890624999995,325.49999999999994,346.49999999999994,0,0
PEGDA01TPO10SiNPSam02_S2_P__GrID057_LOC_RC012006-5.00x5.00-Z Height_Forward-251001-CRO_80e384e2.tiff,324,1.5957691216057308,15.583682828180965,717.7734375,3398.4374999999995,73.5,347.99999999999994,0,0
PEGDA01TPO10SiNPSam02_S2_P__GrID057_LOC_RC012006-5.00x5.00-Z Height_Forward-251001-CRO_80e384e2.tiff,325,1.1283791670955126,11.019327803667116,1684.5703124999998,3393.5546875,172.49999999999997,347.5,0,0
PEGDA01TPO10SiNPSam02_S2_P__GrID057_LOC_RC012006-5.00x5.00-Z Height_Forward-251001-CRO_80e384e2.tiff,326,1.1283791670955126,11.019327803667116,688.4765624999999,3413.0859375,70.49999999999999,349.5,0,0
PEGDA01TPO10SiNPSam02_S2_P__GrID057_LOC_RC012006-5.00x5.00-Z Height_Forward-251001-CRO_80e384e2.tiff,327,29.597108081327676,289.0342586067156,4930.547669876452,3831.4606422601737,504.8880813953487,392.3415697674418,0,0
PEGDA01TPO10SiNPSam02_S2_P__GrID057_LOC_RC012006-5.00x5.00-Z Height_Forward-251001-CRO_80e384e2.tiff,328,1.1283791670955126,11.019327803667116,639.6484375,3491.2109374999995,65.5,357.49999999999994,0,0
PEGDA01TPO10SiNPSam02_S2_P__GrID057_LOC_RC012006-5.00x5.00-Z Height_Forward-251001-CRO_80e384e2.tiff,329,1.5957691216057308,15.583682828180965,4360.351562499999,3496.09375,446.4999999999999,358.0,0,0
PEGDA01TPO10SiNPSam02_S2_P__GrID057_LOC_RC012006-5.00x5.00-Z Height_Forward-251001-CRO_80e384e2.tiff,330,1.5957691216057308,15.583682828180965,73.2421875,3515.625,7.5,360.0,0,0
PEGDA01TPO10SiNPSam02_S2_P__GrID057_LOC_RC012006-5.00x5.00-Z Height_Forward-251001-CRO_80e384e2.tiff,331,25.582125126616702,249.82544068961624,4720.805721060311,3684.0915308852136,483.41050583657585,377.25097276264586,0,0
PEGDA01TPO10SiNPSam02_S2_P__GrID057_LOC_RC012006-5.00x5.00-Z Height_Forward-251001-CRO_80e384e2.tiff,332,26.534910368014152,259.1299840626382,2576.31491580018,3702.081331939421,263.81464737793846,379.0931283905967,0,0
PEGDA01TPO10SiNPSam02_S2_P__GrID057_LOC_RC012006-5.00x5.00-Z Height_Forward-251001-CRO_80e384e2.tiff,333,1.1283791670955126,11.019327803667116,3442.3828124999995,3559.5703125,352.49999999999994,364.5,0,0
PEGDA01TPO10SiNPSam02_S2_P__GrID057_LOC_RC012006-5.00x5.00-Z Height_Forward-251001-CRO_80e384e2.tiff,334,1.9544100476116797,19.08603562120781,4194.335937499999,3579.1015625,429.4999999999999,366.5,0,0
PEGDA01TPO10SiNPSam02_S2_P__GrID057_LOC_RC012006-5.00x5.00-Z Height_Forward-251001-CRO_80e384e2.tiff,335,1.1283791670955126,11.019327803667116,971.6796875,3598.6328124999995,99.5,368.49999999999994,0,0
PEGDA01TPO10SiNPSam02_S2_P__GrID057_LOC_RC012006-5.00x5.00-Z Height_Forward-251001-CRO_80e384e2.tiff,336,10.823032759612019,105.69367929308612,3172.978940217391,3693.6353600543475,324.9130434782608,378.2282608695652,0,0
PEGDA01TPO10SiNPSam02_S2_P__GrID057_LOC_RC012006-5.00x5.00-Z Height_Forward-251001-CRO_80e384e2.tiff,337,1.1283791670955126,11.019327803667116,1225.5859374999998,3637.6953124999995,125.49999999999997,372.49999999999994,0,0
PEGDA01TPO10SiNPSam02_S2_P__GrID057_LOC_RC012006-5.00x5.00-Z Height_Forward-251001-CRO_80e384e2.tiff,338,1.1283791670955126,11.019327803667116,3295.8984374999995,3657.2265624999995,337.49999999999994,374.49999999999994,0,0
PEGDA01TPO10SiNPSam02_S2_P__GrID057_LOC_RC012006-5.00x5.00-Z Height_Forward-251001-CRO_80e384e2.tiff,339,1.9544100476116797,19.08603562120781,3315.4296874999995,3666.9921874999995,339.49999999999994,375.49999999999994,0,0
PEGDA01TPO10SiNPSam02_S2_P__GrID057_LOC_RC012006-5.00x5.00-Z Height_Forward-251001-CRO_80e384e2.tiff,340,1.1283791670955126,11.019327803667116,4233.398437499999,3657.2265624999995,433.4999999999999,374.49999999999994,0,0
PEGDA01TPO10SiNPSam02_S2_P__GrID057_LOC_RC012006-5.00x5.00-Z Height_Forward-251001-CRO_80e384e2.tiff,341,7.399277020331919,72.2585646516789,1655.7276526162786,3711.732376453488,169.54651162790694,380.0813953488372,0,0
PEGDA01TPO10SiNPSam02_S2_P__GrID057_LOC_RC012006-5.00x5.00-Z Height_Forward-251001-CRO_80e384e2.tiff,342,5.863230142835039,57.258106863623425,3683.2682291666665,3708.2248263888887,377.16666666666663,379.72222222222223,0,0
PEGDA01TPO10SiNPSam02_S2_P__GrID057_LOC_RC012006-5.00x5.00-Z Height_Forward-251001-CRO_80e384e2.tiff,343,1.1283791670955126,11.019327803667116,620.1171874999999,3676.7578124999995,63.499999999999986,376.49999999999994,0,0
PEGDA01TPO10SiNPSam02_S2_P__GrID057_LOC_RC012006-5.00x5.00-Z Height_Forward-251001-CRO_80e384e2.tiff,344,1.1283791670955126,11.019327803667116,639.6484375,3676.7578124999995,65.5,376.49999999999994,0,0
PEGDA01TPO10SiNPSam02_S2_P__GrID057_LOC_RC012006-5.00x5.00-Z Height_Forward-251001-CRO_80e384e2.tiff,345,1.1283791670955126,11.019327803667116,1225.5859374999998,3676.7578124999995,125.49999999999997,376.49999999999994,0,0
PEGDA01TPO10SiNPSam02_S2_P__GrID057_LOC_RC012006-5.00x5.00-Z Height_Forward-251001-CRO_80e384e2.tiff,346,1.5957691216057308,15.583682828180965,922.8515624999999,3701.1718749999995,94.49999999999999,378.99999999999994,0,0
PEGDA01TPO10SiNPSam02_S2_P__GrID057_LOC_RC012006-5.00x5.00-Z Height_Forward-251001-CRO_80e384e2.tiff,347,1.5957691216057308,15.583682828180965,3715.8203125,3701.1718749999995,380.5,378.99999999999994,0,0
PEGDA01TPO10SiNPSam02_S2_P__GrID057_LOC_RC012006-5.00x5.00-Z Height_Forward-251001-CRO_80e384e2.tiff,348,1.5957691216057308,15.583682828180965,4262.6953125,3701.1718749999995,436.5,378.99999999999994,0,0
PEGDA01TPO10SiNPSam02_S2_P__GrID057_LOC_RC012006-5.00x5.00-Z Height_Forward-251001-CRO_80e384e2.tiff,349,1.1283791670955126,11.019327803667116,3842.773437499999,3706.0546874999995,393.4999999999999,379.49999999999994,0,0
PEGDA01TPO10SiNPSam02_S2_P__GrID057_LOC_RC012006-5.00x5.00-Z Height_Forward-251001-CRO_80e384e2.tiff,350,21.850968611841584,213.38836535001548,870.4817708333333,3822.4609374999995,89.13733333333333,391.41999999999996,0,0
PEGDA01TPO10SiNPSam02_S2_P__GrID057_LOC_RC012006-5.00x5.00-Z Height_Forward-251001-CRO_80e384e2.tiff,351,1.9544100476116797,19.08603562120781,1232.0963541666665,3719.075520833333,126.16666666666666,380.8333333333333,0,0
PEGDA01TPO10SiNPSam02_S2_P__GrID057_LOC_RC012006-5.00x5.00-Z Height_Forward-251001-CRO_80e384e2.tiff,352,1.1283791670955126,11.019327803667116,444.33593749999994,3725.5859375,45.49999999999999,381.5,0,0
PEGDA01TPO10SiNPSam02_S2_P__GrID057_LOC_RC012006-5.00x5.00-Z Height_Forward-251001-CRO_80e384e2.tiff,353,1.5957691216057308,15.583682828180965,1538.0859374999998,3730.4687499999995,157.49999999999997,381.99999999999994,0,0
PEGDA01TPO10SiNPSam02_S2_P__GrID057_LOC_RC012006-5.00x5.00-Z Height_Forward-251001-CRO_80e384e2.tiff,354,1.1283791670955126,11.019327803667116,1918.9453124999998,3725.5859375,196.49999999999997,381.5,0,0
PEGDA01TPO10SiNPSam02_S2_P__GrID057_LOC_RC012006-5.00x5.00-Z Height_Forward-251001-CRO_80e384e2.tiff,355,1.1283791670955126,11.019327803667116,1967.7734374999998,3725.5859375,201.49999999999997,381.5,0,0
PEGDA01TPO10SiNPSam02_S2_P__GrID057_LOC_RC012006-5.00x5.00-Z Height_Forward-251001-CRO_80e384e2.tiff,356,1.1283791670955126,11.019327803667116,4770.5078125,3725.5859375,488.5,381.5,0,0
PEGDA01TPO10SiNPSam02_S2_P__GrID057_LOC_RC012006-5.00x5.00-Z Height_Forward-251001-CRO_80e384e2.tiff,357,1.1283791670955126,11.019327803667116,4819.335937499999,3725.5859375,493.4999999999999,381.5,0,0
PEGDA01TPO10SiNPSam02_S2_P__GrID057_LOC_RC012006-5.00x5.00-Z Height_Forward-251001-CRO_80e384e2.tiff,358,1.1283791670955126,11.019327803667116,4506.835937499999,3735.3515625,461.4999999999999,382.5,0,0
PEGDA01TPO10SiNPSam02_S2_P__GrID057_LOC_RC012006-5.00x5.00-Z Height_Forward-251001-CRO_80e384e2.tiff,359,1.1283791670955126,11.019327803667116,4829.1015625,3735.3515625,494.5,382.5,0,0
PEGDA01TPO10SiNPSam02_S2_P__GrID057_LOC_RC012006-5.00x5.00-Z Height_Forward-251001-CRO_80e384e2.tiff,360,1.1283791670955126,11.019327803667116,4819.335937499999,3745.1171875,493.4999999999999,383.5,0,0
PEGDA01TPO10SiNPSam02_S2_P__GrID057_LOC_RC012006-5.00x5.00-Z Height_Forward-251001-CRO_80e384e2.tiff,361,1.9544100476116797,19.08603562120781,366.21093749999994,3784.1796874999995,37.49999999999999,387.49999999999994,0,0
PEGDA01TPO10SiNPSam02_S2_P__GrID057_LOC_RC012006-5.00x5.00-Z Height_Forward-251001-CRO_80e384e2.tiff,362,1.1283791670955126,11.019327803667116,3647.4609374999995,3774.4140624999995,373.49999999999994,386.49999999999994,0,0
PEGDA01TPO10SiNPSam02_S2_P__GrID057_LOC_RC012006-5.00x5.00-Z Height_Forward-251001-CRO_80e384e2.tiff,363,1.1283791670955126,11.019327803667116,3764.6484374999995,3774.4140624999995,385.49999999999994,386.49999999999994,0,0
PEGDA01TPO10SiNPSam02_S2_P__GrID057_LOC_RC012006-5.00x5.00-Z Height_Forward-251001-CRO_80e384e2.tiff,364,1.1283791670955126,11.019327803667116,385.74218749999994,3784.1796874999995,39.49999999999999,387.49999999999994,0,0
PEGDA01TPO10SiNPSam02_S2_P__GrID057_LOC_RC012006-5.00x5.00-Z Height_Forward-251001-CRO_80e384e2.tiff,365,1.1283791670955126,11.019327803667116,2241.2109374999995,3784.1796874999995,229.49999999999994,387.49999999999994,0,0
PEGDA01TPO10SiNPSam02_S2_P__GrID057_LOC_RC012006-5.00x5.00-Z Height_Forward-251001-CRO_80e384e2.tiff,366,1.5957691216057308,15.583682828180965,2416.9921875,3789.0625,247.5,388.0,0,0
PEGDA01TPO10SiNPSam02_S2_P__GrID057_LOC_RC012006-5.00x5.00-Z Height_Forward-251001-CRO_80e384e2.tiff,367,1.1283791670955126,11.019327803667116,4975.5859375,3784.1796874999995,509.5,387.49999999999994,0,0
PEGDA01TPO10SiNPSam02_S2_P__GrID057_LOC_RC012006-5.00x5.00-Z Height_Forward-251001-CRO_80e384e2.tiff,368,1.1283791670955126,11.019327803667116,4995.1171875,3784.1796874999995,511.5,387.49999999999994,0,0
PEGDA01TPO10SiNPSam02_S2_P__GrID057_LOC_RC012006-5.00x5.00-Z Height_Forward-251001-CRO_80e384e2.tiff,369,1.9544100476116797,19.08603562120781,3764.6484374999995,3803.7109374999995,385.49999999999994,389.49999999999994,0,0
PEGDA01TPO10SiNPSam02_S2_P__GrID057_LOC_RC012006-5.00x5.00-Z Height_Forward-251001-CRO_80e384e2.tiff,370,1.1283791670955126,11.019327803667116,375.9765625,3803.7109374999995,38.5,389.49999999999994,0,0
PEGDA01TPO10SiNPSam02_S2_P__GrID057_LOC_RC012006-5.00x5.00-Z Height_Forward-251001-CRO_80e384e2.tiff,371,1.9544100476116797,19.08603562120781,3361.0026041666665,3810.2213541666665,344.16666666666663,390.16666666666663,0,0
PEGDA01TPO10SiNPSam02_S2_P__GrID057_LOC_RC012006-5.00x5.00-Z Height_Forward-251001-CRO_80e384e2.tiff,372,5.292567428401227,51.68522879298074,352.89417613636357,3836.115056818181,36.136363636363626,392.81818181818176,0,0
PEGDA01TPO10SiNPSam02_S2_P__GrID057_LOC_RC012006-5.00x5.00-Z Height_Forward-251001-CRO_80e384e2.tiff,373,55.5203830840875,542.1912410555419,3208.6128698110283,4295.570093065881,328.5619578686493,439.86637752994625,1,0
PEGDA01TPO10SiNPSam02_S2_P__GrID057_LOC_RC012006-5.00x5.00-Z Height_Forward-251001-CRO_80e384e2.tiff,374,1.9544100476116797,19.08603562120781,258.7890625,3833.0078124999995,26.5,392.49999999999994,0,0
PEGDA01TPO10SiNPSam02_S2_P__GrID057_LOC_RC012006-5.00x5.00-Z Height_Forward-251001-CRO_80e384e2.tiff,375,1.5957691216057308,15.583682828180965,668.9453125,3837.8906249999995,68.5,392.99999999999994,0,0
PEGDA01TPO10SiNPSam02_S2_P__GrID057_LOC_RC012006-5.00x5.00-Z Height_Forward-251001-CRO_80e384e2.tiff,376,13.061933202803933,127.55794143363217,3320.8955223880594,3902.0959654850744,340.0597014925373,399.57462686567163,0,0
PEGDA01TPO10SiNPSam02_S2_P__GrID057_LOC_RC012006-5.00x5.00-Z Height_Forward-251001-CRO_80e384e2.tiff,377,1.1283791670955126,11.019327803667116,3471.6796874999995,3833.0078124999995,355.49999999999994,392.49999999999994,0,0
PEGDA01TPO10SiNPSam02_S2_P__GrID057_LOC_RC012006-5.00x5.00-Z Height_Forward-251001-CRO_80e384e2.tiff,378,28.34456125481373,276.80235600404035,1553.9492744651347,3984.552978902535,159.1244057052298,408.0182250396196,0,0
PEGDA01TPO10SiNPSam02_S2_P__GrID057_LOC_RC012006-5.00x5.00-Z Height_Forward-251001-CRO_80e384e2.tiff,379,4.652426491681278,45.43385245782498,2477.8837316176473,3875.5170036764707,253.73529411764707,396.8529411764706,0,0
PEGDA01TPO10SiNPSam02_S2_P__GrID057_LOC_RC012006-5.00x5.00-Z Height_Forward-251001-CRO_80e384e2.tiff,380,3.742410318509555,36.54697576669488,130.0603693181818,3947.531960227272,13.318181818181818,404.22727272727263,0,0
PEGDA01TPO10SiNPSam02_S2_P__GrID057_LOC_RC012006-5.00x5.00-Z Height_Forward-251001-CRO_80e384e2.tiff,381,3.1915382432114616,31.16736565636193,4700.927734374999,3942.8710937499995,481.3749999999999,403.74999999999994,0,0
PEGDA01TPO10SiNPSam02_S2_P__GrID057_LOC_RC012006-5.00x5.00-Z Height_Forward-251001-CRO_80e384e2.tiff,382,7.898654169668588,77.1352946256698,2465.8203125,4011.1806441326526,252.5,410.7448979591836,0,0
PEGDA01TPO10SiNPSam02_S2_P__GrID057_LOC_RC012006-5.00x5.00-Z Height_Forward-251001-CRO_80e384e2.tiff,383,1.1283791670955126,11.019327803667116,1245.1171874999998,3969.7265625,127.49999999999997,406.5,0,0
PEGDA01TPO10SiNPSam02_S2_P__GrID057_LOC_RC012006-5.00x5.00-Z Height_Forward-251001-CRO_80e384e2.tiff,384,1.1283791670955126,11.019327803667116,4125.9765625,3969.7265625,422.5,406.5,0,0
PEGDA01TPO10SiNPSam02_S2_P__GrID057_LOC_RC012006-5.00x5.00-Z Height_Forward-251001-CRO_80e384e2.tiff,385,64.41651710774106,629.0675498802838,2035.0360899624116,4507.189525640533,208.38769561215094,461.5362074255906,0,0
PEGDA01TPO10SiNPSam02_S2_P__GrID057_LOC_RC012006-5.00x5.00-Z Height_Forward-251001-CRO_80e384e2.tiff,386,16.96325844612841,165.65682076297276,204.47317477876103,4106.6613661504425,20.93805309734513,420.5221238938053,0,0
PEGDA01TPO10SiNPSam02_S2_P__GrID057_LOC_RC012006-5.00x5.00-Z Height_Forward-251001-CRO_80e384e2.tiff,387,1.1283791670955126,11.019327803667116,112.30468749999999,4067.3828124999995,11.499999999999998,416.49999999999994,0,0
PEGDA01TPO10SiNPSam02_S2_P__GrID057_LOC_RC012006-5.00x5.00-Z Height_Forward-251001-CRO_80e384e2.tiff,388,1.1283791670955126,11.019327803667116,1674.8046875,4086.9140624999995,171.5,418.49999999999994,0,0
PEGDA01TPO10SiNPSam02_S2_P__GrID057_LOC_RC012006-5.00x5.00-Z Height_Forward-251001-CRO_80e384e2.tiff,389,2.256758334191025,22.03865560733423,1701.66015625,4094.23828125,174.25,419.25,0,0
PEGDA01TPO10SiNPSam02_S2_P__GrID057_LOC_RC012006-5.00x5.00-Z Height_Forward-251001-CRO_80e384e2.tiff,390,1.5957691216057308,15.583682828180965,1655.2734375,4101.5625,169.5,420.0,0,0
PEGDA01TPO10SiNPSam02_S2_P__GrID057_LOC_RC012006-5.00x5.00-Z Height_Forward-251001-CRO_80e384e2.tiff,391,2.5231325220201604,24.63996603535313,3202.1484374999995,4112.304687499999,327.9,421.0999999999999,0,0
PEGDA01TPO10SiNPSam02_S2_P__GrID057_LOC_RC012006-5.00x5.00-Z Height_Forward-251001-CRO_80e384e2.tiff,392,5.970821321441846,58.30880196720553,1656.3197544642856,4142.368861607143,169.60714285714283,424.17857142857144,0,0
PEGDA01TPO10SiNPSam02_S2_P__GrID057_LOC_RC012006-5.00x5.00-Z Height_Forward-251001-CRO_80e384e2.tiff,393,10.704744696916627,104.53852243082643,1078.9930555555554,4202.039930555555,110.48888888888888,430.2888888888888,0,0
PEGDA01TPO10SiNPSam02_S2_P__GrID057_LOC_RC012006-5.00x5.00-Z Height_Forward-251001-CRO_80e384e2.tiff,394,35.485685983831225,346.5399021858518,175.01599627148633,4362.000560856925,17.9216380182002,446.6688574317492,0,0
PEGDA01TPO10SiNPSam02_S2_P__GrID057_LOC_RC012006-5.00x5.00-Z Height_Forward-251001-CRO_80e384e2.tiff,395,1.1283791670955126,11.019327803667116,4497.0703125,4233.398437499999,460.5,433.4999999999999,0,0
PEGDA01TPO10SiNPSam02_S2_P__GrID057_LOC_RC012006-5.00x5.00-Z Height_Forward-251001-CRO_80e384e2.tiff,396,1.5957691216057308,15.583682828180965,3002.9296874999995,4248.046875,307.49999999999994,435.0,0,0
PEGDA01TPO10SiNPSam02_S2_P__GrID057_LOC_RC012006-5.00x5.00-Z Height_Forward-251001-CRO_80e384e2.tiff,397,1.5957691216057308,15.583682828180965,3833.0078124999995,4248.046875,392.49999999999994,435.0,0,0
PEGDA01TPO10SiNPSam02_S2_P__GrID057_LOC_RC012006-5.00x5.00-Z Height_Forward-251001-CRO_80e384e2.tiff,398,1.1283791670955126,11.019327803667116,3217.7734374999995,4252.929687499999,329.49999999999994,435.4999999999999,0,0
PEGDA01TPO10SiNPSam02_S2_P__GrID057_LOC_RC012006-5.00x5.00-Z Height_Forward-251001-CRO_80e384e2.tiff,399,5.046265044040321,49.27993207070626,4981.933593749999,4282.71484375,510.1499999999999,438.55,0,0
PEGDA01TPO10SiNPSam02_S2_P__GrID057_LOC_RC012006-5.00x5.00-Z Height_Forward-251001-CRO_80e384e2.tiff,400,46.932977876881324,458.3298620789192,3714.56150650289,4687.635476878612,380.37109826589597,480.0138728323699,1,0
PEGDA01TPO10SiNPSam02_S2_P__GrID057_LOC_RC012006-5.00x5.00-Z Height_Forward-251001-CRO_80e384e2.tiff,401,1.1283791670955126,11.019327803667116,961.9140625,4311.5234375,98.5,441.5,0,0
PEGDA01TPO10SiNPSam02_S2_P__GrID057_LOC_RC012006-5.00x5.00-Z Height_Forward-251001-CRO_80e384e2.tiff,402,7.569397566060481,73.91989810605938,2409.3967013888887,4350.802951388889,246.7222222222222,445.5222222222222,0,0
PEGDA01TPO10SiNPSam02_S2_P__GrID057_LOC_RC012006-5.00x5.00-Z Height_Forward-251001-CRO_80e384e2.tiff,403,5.641895835477563,55.09663901833557,1244.3359374999998,4374.4140625,127.41999999999997,447.94,0,0
PEGDA01TPO10SiNPSam02_S2_P__GrID057_LOC_RC012006-5.00x5.00-Z Height_Forward-251001-CRO_80e384e2.tiff,404,1.1283791670955126,11.019327803667116,4213.867187499999,4399.414062499999,431.4999999999999,450.4999999999999,0,0
PEGDA01TPO10SiNPSam02_S2_P__GrID057_LOC_RC012006-5.00x5.00-Z Height_Forward-251001-CRO_80e384e2.tiff,405,14.538148590038452,141.97410732459426,2863.0929969879517,4528.132059487952,293.18072289156623,463.68072289156623,0,0
PEGDA01TPO10SiNPSam02_S2_P__GrID057_LOC_RC012006-5.00x5.00-Z Height_Forward-251001-CRO_80e384e2.tiff,406,1.9544100476116797,19.08603562120781,2263.9973958333335,4444.986979166667,231.83333333333334,455.1666666666667,0,0
PEGDA01TPO10SiNPSam02_S2_P__GrID057_LOC_RC012006-5.00x5.00-Z Height_Forward-251001-CRO_80e384e2.tiff,407,21.019374919894773,205.2673332020974,4902.695537644092,4568.637990814121,502.036023054755,467.82853025936595,0,0
PEGDA01TPO10SiNPSam02_S2_P__GrID057_LOC_RC012006-5.00x5.00-Z Height_Forward-251001-CRO_80e384e2.tiff,408,9.772050238058398,95.43017810603904,4507.877604166667,4569.856770833333,461.6066666666667,467.9533333333333,0,0
PEGDA01TPO10SiNPSam02_S2_P__GrID057_LOC_RC012006-5.00x5.00-Z Height_Forward-251001-CRO_80e384e2.tiff,409,2.256758334191025,22.03865560733423,2988.28125,4541.015625,306.0,465.0,0,0
PEGDA01TPO10SiNPSam02_S2_P__GrID057_LOC_RC012006-5.00x5.00-Z Height_Forward-251001-CRO_80e384e2.tiff,410,45.69587348290507,446.24876448149485,315.32250381097555,4848.317216082317,32.289024390243895,496.46768292682924,0,0
PEGDA01TPO10SiNPSam02_S2_P__GrID057_LOC_RC012006-5.00x5.00-Z Height_Forward-251001-CRO_80e384e2.tiff,411,1.1283791670955126,11.019327803667116,4.8828125,4633.789062499999,0.5,474.4999999999999,0,0
PEGDA01TPO10SiNPSam02_S2_P__GrID057_LOC_RC012006-5.00x5.00-Z Height_Forward-251001-CRO_80e384e2.tiff,412,21.850968611841584,213.38836535001548,4905.559895833333,4868.945312499999,502.3293333333333,498.5799999999999,0,0
PEGDA01TPO10SiNPSam02_S2_P__GrID057_LOC_RC012006-5.00x5.00-Z Height_Forward-251001-CRO_80e384e2.tiff,413,28.38944578214513,277.24068146626104,4381.024449545813,4875.800688684833,448.61690363349123,499.2819905213269,0,0
PEGDA01TPO10SiNPSam02_S2_P__GrID057_LOC_RC012006-5.00x5.00-Z Height_Forward-251001-CRO_80e384e2.tiff,414,4.222008245644752,41.23054927387454,1469.0290178571427,4800.502232142857,150.42857142857142,491.57142857142856,0,0
PEGDA01TPO10SiNPSam02_S2_P__GrID057_LOC_RC012006-5.00x5.00-Z Height_Forward-251001-CRO_80e384e2.tiff,415,18.609705966725112,181.73540983129993,4013.3846507352937,4913.617302389705,410.9705882352941,503.15441176470586,0,0
PEGDA01TPO10SiNPSam02_S2_P__GrID057_LOC_RC012006-5.00x5.00-Z Height_Forward-251001-CRO_80e384e2.tiff,416,24.824341676101277,242.42521168067654,853.0192729855372,4901.778796487603,87.34917355371901,501.9421487603306,0,0
PEGDA01TPO10SiNPSam02_S2_P__GrID057_LOC_RC012006-5.00x5.00-Z Height_Forward-251001-CRO_80e384e2.tiff,417,1.5957691216057308,15.583682828180965,2202.1484374999995,4814.453124999999,225.49999999999994,492.9999999999999,0,0
PEGDA01TPO10SiNPSam02_S2_P__GrID057_LOC_RC012006-5.00x5.00-Z Height_Forward-251001-CRO_80e384e2.tiff,418,18.948708441878455,185.0459808777193,1256.1641179078013,4929.73598182624,128.63120567375884,504.804964539007,0,0
PEGDA01TPO10SiNPSam02_S2_P__GrID057_LOC_RC012006-5.00x5.00-Z Height_Forward-251001-CRO_80e384e2.tiff,419,1.5957691216057308,15.583682828180965,1469.7265624999998,4833.984375,150.49999999999997,495.0,0,0
PEGDA01TPO10SiNPSam02_S2_P__GrID057_LOC_RC012006-5.00x5.00-Z Height_Forward-251001-CRO_80e384e2.tiff,420,1.5957691216057308,15.583682828180965,1489.2578124999998,4833.984375,152.49999999999997,495.0,0,0
PEGDA01TPO10SiNPSam02_S2_P__GrID057_LOC_RC012006-5.00x5.00-Z Height_Forward-251001-CRO_80e384e2.tiff,421,2.763953195770684,26.991730427448086,1040.0390625,4912.109375,106.5,503.0,0,0
PEGDA01TPO10SiNPSam02_S2_P__GrID057_LOC_RC012006-5.00x5.00-Z Height_Forward-251001-CRO_80e384e2.tiff,422,1.1283791670955126,11.019327803667116,34.1796875,4916.9921875,3.5,503.5,0,0
PEGDA01TPO10SiNPSam02_S2_P__GrID057_LOC_RC012006-5.00x5.00-Z Height_Forward-251001-CRO_80e384e2.tiff,423,1.5957691216057308,15.583682828180965,1069.3359374999998,4921.874999999999,109.49999999999997,503.9999999999999,0,0
PEGDA01TPO10SiNPSam02_S2_P__GrID057_LOC_RC012006-5.00x5.00-Z Height_Forward-251001-CRO_80e384e2.tiff,424,1.5957691216057308,15.583682828180965,1616.2109374999998,4921.874999999999,165.49999999999997,503.9999999999999,0,0
PEGDA01TPO10SiNPSam02_S2_P__GrID057_LOC_RC012006-5.00x5.00-Z Height_Forward-251001-CRO_80e384e2.tiff,425,9.706684619910241,94.79184199131095,3157.0682010135133,4967.139991554054,323.28378378378375,508.63513513513516,0,0
PEGDA01TPO10SiNPSam02_S2_P__GrID057_LOC_RC012006-5.00x5.00-Z Height_Forward-251001-CRO_80e384e2.tiff,426,1.5957691216057308,15.583682828180965,1523.4374999999998,4956.0546875,155.99999999999997,507.5,0,0
PEGDA01TPO10SiNPSam02_S2_P__GrID057_LOC_RC012006-5.00x5.00-Z Height_Forward-251001-CRO_80e384e2.tiff,427,8.740387444736633,85.35534614000619,1571.9401041666665,4983.723958333333,160.96666666666664,510.3333333333333,0,0
PEGDA01TPO10SiNPSam02_S2_P__GrID057_LOC_RC012006-5.00x5.00-Z Height_Forward-251001-CRO_80e384e2.tiff,428,2.763953195770684,26.991730427448086,1451.8229166666665,4969.075520833333,148.66666666666666,508.8333333333333,0,0
PEGDA01TPO10SiNPSam02_S2_P__GrID057_LOC_RC012006-5.00x5.00-Z Height_Forward-251001-CRO_80e384e2.tiff,429,5.4115163798060095,52.84683964654306,3400.3481657608695,4986.625339673912,348.19565217391306,510.6304347826086,0,0
PEGDA01TPO10SiNPSam02_S2_P__GrID057_LOC_RC012006-5.00x5.00-Z Height_Forward-251001-CRO_80e384e2.tiff,430,3.742410318509555,36.54697576669488,3908.469460227272,4988.902698863636,400.22727272727263,510.8636363636363,0,0
PEGDA01TPO10SiNPSam02_S2_P__GrID057_LOC_RC012006-5.00x5.00-Z Height_Forward-251001-CRO_80e384e2.tiff,431,1.5957691216057308,15.583682828180965,4179.6875,4995.1171875,428.0,511.5,0,0
