source_file,row_idx,col_idx,baseline_method,avg__baseline,std__baseline,n_valid__baseline,units__baseline,avg__forward_methods,std__forward_methods,n_valid__forward_methods,units__forward_methods,delta_avg__forward_methods,ratio_avg__forward_methods,delta_std__forward_methods,ratio_std__forward_methods,delta_n_valid__forward_methods,ratio_n_valid__forward_methods
PEGDA01TPO000SiNP_Sam01_S1_P__GrID000_LOC_RC001001-5.00x5.00-Modulus_Forward-251021-CRO_42cadbb7.tiff,0,0,gwyddion_only,211354726.92997748,179838487.29423624,242148,kPa,202433073.66020134,75354443.76373321,242148,kPa,-8921653.269776136,0.9577882482243611,-104484043.53050303,0.4190117749402816,0,1.0
PEGDA01TPO000SiNP_Sam01_S1_P__GrID001_LOC_RC001002-5.00x5.00-Modulus_Forward-251021-CRO_699a7ca0.tiff,0,1,gwyddion_only,107998348.54426378,97974863.01485436,244799,kPa,105239798.57717517,55235591.64175435,244799,kPa,-2758549.96708861,0.9744574800978739,-42739271.373100005,0.56377309385347,0,1.0
PEGDA01TPO000SiNP_Sam01_S1_P__GrID002_LOC_RC001001-5.00x5.00-Modulus_Forward-251020-CRO_15528fe2.tiff,0,0,gwyddion_only,50182462.223576725,31445621.717189237,249691,kPa,50093960.19359614,28365511.48857623,249691,kPa,-88502.02998058498,0.9982363952253621,-3080110.228613008,0.9020496317002594,0,1.0
PEGDA01TPO000SiNP_Sam01_S1_P__GrID002_LOC_RC001005-5.00x5.00-Modulus_Forward-251022-CRO_5dfb071f.tiff,0,4,gwyddion_only,38898812.09383559,23660809.178077944,260090,kPa,38867314.81108521,22720079.640543953,260090,kPa,-31497.28275038302,0.9991902764877651,-940729.537533991,0.9602410242839206,0,1.0
PEGDA01TPO000SiNP_Sam01_S1_P__GrID003_LOC_RC001006-5.00x5.00-Modulus_Forward-251022-CRO_92313101.tiff,0,5,gwyddion_only,50560283.31729295,60877452.069495,251421,kPa,50065515.22930733,30317475.1117068,251421,kPa,-494768.0879856199,0.9902142936011517,-30559976.9577882,0.4980082786168139,0,1.0
PEGDA01TPO000SiNP_Sam01_S1_P__GrID004_LOC_RC001010-5.00x5.00-Modulus_Forward-251022-CRO_e2bf8848.tiff,0,9,gwyddion_only,37989208.882947944,11937580.391055679,261605,kPa,37989208.88293958,11937580.391055627,261605,kPa,-8.367002010345459e-06,0.9999999999997797,-5.21540641784668e-08,0.9999999999999957,0,1.0
PEGDA01TPO000SiNP_Sam01_S1_P__GrID005_LOC_RC001010-5.00x5.00-Modulus_Forward-251027-CRO_3bd306b4.tiff,0,9,gwyddion_only,313243032.4427837,92822967.28209752,260532,kPa,311266356.6510433,41452745.52615134,260532,kPa,-1976675.7917404175,0.993689641629614,-51370221.75594618,0.4465785434349738,0,1.0
PEGDA01TPO000SiNP_Sam01_S1_P__GrID006_LOC_RC001011-5.00x5.00-Modulus_Forward-251027-CRO_6ddca865.tiff,0,10,gwyddion_only,325190574.7660439,64340815.03378484,256591,kPa,324658798.6083881,58989769.21996826,256591,kPa,-531776.1576557755,0.9983647245679296,-5351045.813816577,0.9168327940669264,0,1.0
PEGDA01TPO000SiNP_Sam01_S1_P__GrID007_LOC_RC001012-5.00x5.00-Modulus_Forward-251027-CRO_55d101ce.tiff,0,11,gwyddion_only,109599484.57691438,43814402.95610814,253816,kPa,109222821.761382,35388785.54598759,253816,kPa,-376662.8155323863,0.996563279316628,-8425617.410120547,0.8076975414098176,0,1.0
PEGDA01TPO000SiNP_Sam01_S1_P__GrID008_LOC_RC001016-5.00x5.00-Modulus_Forward-251027-CRO_d4be9843.tiff,0,15,gwyddion_only,1344416694.4796703,162019886.9927789,8378,kPa,581700280.6933371,281476678.2890068,8378,kPa,-762716413.7863332,0.43267856095648427,119456791.29622793,1.7372970905821705,0,1.0
PEGDA01TPO000SiNP_Sam01_S1_P__GrID009_LOC_RC001017-5.00x5.00-Modulus_Forward-251027-CRO_4abe3562.tiff,0,16,gwyddion_only,54610108.92998969,50015134.63422422,257690,kPa,53539263.222624294,30252810.829438858,257690,kPa,-1070845.7073653936,0.9803910717567288,-19762323.804785363,0.6048731259185204,0,1.0
PEGDA01TPO000SiNP_Sam01_S1_P__GrID010_LOC_RC001020-5.00x5.00-Modulus_Forward-251027-CRO_7cf2b3a6.tiff,0,19,gwyddion_only,76943183.82049735,45357840.33616085,252876,kPa,76507262.85086495,36278638.781127565,252876,kPa,-435920.96963240206,0.9943345082957658,-9079201.555033289,0.7998317052191077,0,1.0
PEGDA01TPO000SiNP_Sam01_S1_P__GrID011_LOC_RC001021-5.00x5.00-Modulus_Forward-251027-CRO_ceef7a05.tiff,0,20,gwyddion_only,478467999.21431386,319122553.2706219,245819,kPa,453918316.6640968,67850040.63959137,245819,kPa,-24549682.550217092,0.9486910669249985,-251272512.63103053,0.21261437007259484,0,1.0
PEGDA01TPO000SiNP_Sam01_S1_P__GrID012_LOC_RC002001-5.00x5.00-Modulus_Forward-251028-CRO_87e12f62.tiff,1,0,gwyddion_only,37788469.79875943,8594292.652850257,262139,kPa,37788469.79875993,8594292.652850194,262139,kPa,4.991888999938965e-07,1.000000000000013,-6.332993507385254e-08,0.9999999999999927,0,1.0
PEGDA01TPO000SiNP_Sam01_S1_P__GrID013_LOC_RC002002-5.00x5.00-Modulus_Forward-251028-CRO_a79b35c8.tiff,1,1,gwyddion_only,134051135.28125194,47027043.11617046,252190,kPa,133622861.99389751,40666780.59680187,252190,kPa,-428273.2873544246,0.9968051498672065,-6360262.519368589,0.8647530846526563,0,1.0
PEGDA01TPO000SiNP_Sam01_S1_P__GrID014_LOC_RC002010-5.00x5.00-Modulus_Forward-251028-CRO_2fbca0a7.tiff,1,9,gwyddion_only,2470324580.4976506,1861460455.1890044,5319,kPa,595691153.5909961,275702073.4638554,5319,kPa,-1874633426.9066544,0.24113881968943257,-1585758381.7251492,0.14811062609216796,0,1.0
PEGDA01TPO000SiNP_Sam01_S1_P__GrID015_LOC_RC002011-5.00x5.00-Modulus_Forward-251028-CRO_6d836729.tiff,1,10,gwyddion_only,37238985.25236385,13475607.535250243,260941,kPa,37238985.252362505,13475607.535249965,260941,kPa,-1.3485550880432129e-06,0.9999999999999638,-2.775341272354126e-07,0.9999999999999793,0,1.0
PEGDA01TPO000SiNP_Sam01_S1_P__GrID016_LOC_RC002012-5.00x5.00-Modulus_Forward-251028-CRO_8b05cb45.tiff,1,11,gwyddion_only,63574567.525007136,28044067.91820621,255885,kPa,63485290.625990205,26016086.67261596,255885,kPa,-89276.89901693165,0.9985957136242914,-2027981.245590251,0.9276859102072819,0,1.0
PEGDA01TPO000SiNP_Sam01_S1_P__GrID017_LOC_RC002020-5.00x5.00-Modulus_Forward-251028-CRO_7d77b12c.tiff,1,19,gwyddion_only,40515136.33464782,18279377.20674194,259699,kPa,40506410.97145682,18007010.603758752,259699,kPa,-8725.363191001117,0.9997846394216984,-272366.6029831879,0.9850997875965527,0,1.0
PEGDA01TPO000SiNP_Sam01_S1_P__GrID018_LOC_RC002021-5.00x5.00-Modulus_Forward-251028-CRO_aeb69ee3.tiff,1,20,gwyddion_only,33311794.4954594,7613344.834644517,262144,kPa,33311794.495459113,7613344.8346443465,262144,kPa,-2.868473529815674e-07,0.9999999999999913,-1.7043203115463257e-07,0.9999999999999776,0,1.0
PEGDA01TPO000SiNP_Sam01_S1_P__GrID019_LOC_RC003008-5.00x5.00-Modulus_Forward-251028-CRO_e0c45a99.tiff,2,7,gwyddion_only,285740214.7783635,56999001.77581543,253623,kPa,285322467.7763096,51528606.92006248,253623,kPa,-417747.00205391645,0.9985380181701832,-5470394.855752945,0.9040264796694383,0,1.0
PEGDA01TPO000SiNP_Sam01_S1_P__GrID020_LOC_RC003014-5.00x5.00-Modulus_Forward-251028-CRO_40ff7ba4.tiff,2,13,gwyddion_only,128780334.7976673,76073969.52399455,246033,kPa,127576950.24753614,57663379.38607061,246033,kPa,-1203384.550131157,0.9906555255348432,-18410590.13792394,0.7579909362805494,0,1.0
PEGDA01TPO000SiNP_Sam01_S1_P__GrID021_LOC_RC005001-5.00x5.00-Modulus_Forward-251028-CRO_b8eb5047.tiff,4,0,gwyddion_only,476043722.9554889,72408182.88727114,257769,kPa,474459606.11869806,56771064.35343017,257769,kPa,-1584116.8367908597,0.9966723291151578,-15637118.53384097,0.7840421080834792,0,1.0
PEGDA01TPO000SiNP_Sam01_S1_P__GrID022_LOC_RC005005-5.00x5.00-Modulus_Forward-251028-CRO_f85418cc.tiff,4,4,gwyddion_only,588651934.0700958,256949964.67746982,258496,kPa,579561317.4191424,86839633.46281262,258496,kPa,-9090616.650953412,0.9845568898617244,-170110331.2146572,0.33796320451655226,0,1.0
PEGDA01TPO000SiNP_Sam01_S1_P__GrID023_LOC_RC005006-5.00x5.00-Modulus_Forward-251028-CRO_99dd8aa9.tiff,4,5,gwyddion_only,34741518.61011962,19118089.56991819,257623,kPa,34707244.193028525,17924757.978076957,257623,kPa,-34274.41709109396,0.999013445051849,-1193331.591841232,0.9375810230683871,0,1.0
PEGDA01TPO000SiNP_Sam01_S1_P__GrID024_LOC_RC005016-5.00x5.00-Modulus_Forward-251028-CRO_4c7f6754.tiff,4,15,gwyddion_only,35051849.69096463,10835861.005543275,262144,kPa,35051849.69096366,10835861.00554326,262144,kPa,-9.685754776000977e-07,0.9999999999999724,-1.4901161193847656e-08,0.9999999999999987,0,1.0
PEGDA01TPO000SiNP_Sam01_S1_P__GrID025_LOC_RC005017-5.00x5.00-Modulus_Forward-251029-CRO_71d730cd.tiff,4,16,gwyddion_only,118824690.29598334,53321264.893061414,250778,kPa,118285280.50467888,43739994.30401723,250778,kPa,-539409.7913044691,0.9954604569979452,-9581270.589044183,0.8203105157340149,0,1.0
PEGDA01TPO000SiNP_Sam01_S1_P__GrID026_LOC_RC006001-5.00x5.00-Modulus_Forward-251029-CRO_19b97620.tiff,5,0,gwyddion_only,199042421.7764259,106881770.80069306,250043,kPa,195782657.21818802,66139233.75354355,250043,kPa,-3259764.5582378805,0.9836227647898125,-40742537.04714952,0.6188074286014231,0,1.0
PEGDA01TPO000SiNP_Sam01_S1_P__GrID027_LOC_RC006005-5.00x5.00-Modulus_Forward-251029-CRO_65827272.tiff,5,4,gwyddion_only,520271056.54406583,68525807.66053396,259474,kPa,519014846.4836427,60343124.948764205,259474,kPa,-1256210.0604231358,0.9975854700263982,-8182682.71176976,0.880589766233687,0,1.0
PEGDA01TPO000SiNP_Sam01_S1_P__GrID028_LOC_RC006006-5.00x5.00-Modulus_Forward-251029-CRO_f7b37854.tiff,5,5,gwyddion_only,174425639.48166648,69341405.65760162,246182,kPa,173537903.66528165,54880933.357855484,246182,kPa,-887735.8163848221,0.9949105199268704,-14460472.29974614,0.7914597755466629,0,1.0
PEGDA01TPO000SiNP_Sam01_S1_P__GrID029_LOC_RC006010-5.00x5.00-Modulus_Forward-251029-CRO_2d1516ab.tiff,5,9,gwyddion_only,118667077.75300743,52072278.066198334,252724,kPa,118475447.36012505,49890348.426921606,252724,kPa,-191630.3928823769,0.9983851427328375,-2181929.639276728,0.9580980567721104,0,1.0
PEGDA01TPO000SiNP_Sam01_S1_P__GrID030_LOC_RC006011-5.00x5.00-Modulus_Forward-251029-CRO_cbd5349d.tiff,5,10,gwyddion_only,67305162.60012044,42698550.70118914,253985,kPa,66952864.33479641,28177015.898334213,253985,kPa,-352298.2653240338,0.994765657615046,-14521534.802854925,0.6599056744459829,0,1.0
PEGDA01TPO000SiNP_Sam01_S1_P__GrID031_LOC_RC006012-5.00x5.00-Modulus_Forward-251029-CRO_780230d1.tiff,5,11,gwyddion_only,70913457.20695688,38105561.48921705,259251,kPa,70688599.12917672,33201776.22245041,259251,kPa,-224858.07778015733,0.9968291197942314,-4903785.266766641,0.871310510195361,0,1.0
PEGDA01TPO000SiNP_Sam01_S1_P__GrID032_LOC_RC006016-5.00x5.00-Modulus_Forward-251029-CRO_279d38c1.tiff,5,15,gwyddion_only,64257102.04295625,31495496.53634843,257708,kPa,64067518.59331336,26890647.836158607,257708,kPa,-189583.4496428892,0.9970496109594835,-4604848.700189821,0.8537934242479575,0,1.0
PEGDA01TPO000SiNP_Sam01_S1_P__GrID033_LOC_RC006017-5.00x5.00-Modulus_Forward-251029-CRO_1c85eb82.tiff,5,16,gwyddion_only,51724109.89610285,25181805.335915986,257689,kPa,51663852.2385943,23556605.095854737,257689,kPa,-60257.657508552074,0.998835017990071,-1625200.2400612496,0.935461329385178,0,1.0
PEGDA01TPO000SiNP_Sam01_S1_P__GrID034_LOC_RC006021-5.00x5.00-Modulus_Forward-251029-CRO_a47f1ee9.tiff,5,20,gwyddion_only,45765111.27190777,27929362.71748325,256170,kPa,45599005.14488779,23621280.378649402,256170,kPa,-166106.12701997906,0.9963704638226906,-4308082.338833846,0.8457507827009219,0,1.0
PEGDA01TPO000SiNP_Sam01_S1_P__GrID035_LOC_RC007003-5.00x5.00-Modulus_Forward-251029-CRO_73728af3.tiff,6,2,gwyddion_only,150270890.64213544,116266364.40458144,238971,kPa,145798567.1600802,71322445.4895474,238971,kPa,-4472323.482055247,0.9702382579690306,-44943918.91503404,0.6134400594256215,0,1.0
PEGDA01TPO000SiNP_Sam01_S1_P__GrID036_LOC_RC007021-5.00x5.00-Modulus_Forward-251029-CRO_519c474e.tiff,6,20,gwyddion_only,742047107.8677584,310644093.9852566,243019,kPa,718657548.6440941,146824592.05620506,243019,kPa,-23389559.223664284,0.968479684139093,-163819501.92905155,0.4726456897106612,0,1.0
PEGDA01TPO000SiNP_Sam01_S1_P__GrID037_LOC_RC008008-5.00x5.00-Modulus_Forward-251030-CRO_cf2e5e36.tiff,7,7,gwyddion_only,297018635.9911696,157131333.9100784,244078,kPa,290710781.0453996,89755262.54847987,244078,kPa,-6307854.945769966,0.9787627637413381,-67376071.36159854,0.5712117393456619,0,1.0
PEGDA01TPO000SiNP_Sam01_S1_P__GrID038_LOC_RC008014-5.00x5.00-Modulus_Forward-251030-CRO_62a47149.tiff,7,13,gwyddion_only,568029306.1361424,101691222.49612442,247720,kPa,565565857.287144,75393591.59741698,247720,kPa,-2463448.8489984274,0.9956631659275551,-26297630.898707435,0.7413972390811835,0,1.0
PEGDA01TPO000SiNP_Sam01_S1_P__GrID039_LOC_RC008019-5.00x5.00-Modulus_Forward-251030-CRO_02bc5eb2.tiff,7,18,gwyddion_only,99060128.09813412,68651256.65251264,247763,kPa,98225848.8746334,42578608.26208713,247763,kPa,-834279.2235007137,0.9915780522444486,-26072648.39042551,0.6202160067892764,0,1.0
PEGDA01TPO000SiNP_Sam01_S1_P__GrID040_LOC_RC010001-5.00x5.00-Modulus_Forward-251030-CRO_29afc0c1.tiff,9,0,gwyddion_only,141833598.071158,73213055.56113182,245505,kPa,140870506.3198654,56572684.732116155,245505,kPa,-963091.7512925863,0.9932097065547939,-16640370.829015665,0.7727130673419141,0,1.0
PEGDA01TPO000SiNP_Sam01_S1_P__GrID041_LOC_RC010002-5.00x5.00-Modulus_Forward-251030-CRO_ea9725b9.tiff,9,1,gwyddion_only,60099410.266268365,34218776.33029252,256890,kPa,60002080.224260084,31353255.43897749,256890,kPa,-97330.04200828075,0.9983805158556953,-2865520.891315032,0.9162588146444529,0,1.0
PEGDA01TPO000SiNP_Sam01_S1_P__GrID042_LOC_RC010006-5.00x5.00-Modulus_Forward-251030-CRO_07867a5a.tiff,9,5,gwyddion_only,39898602.18061039,22213109.841923557,259332,kPa,39812666.60075913,19762411.521707326,259332,kPa,-85935.57985125482,0.9978461506129401,-2450698.320216231,0.8896733353566305,0,1.0
PEGDA01TPO000SiNP_Sam01_S1_P__GrID043_LOC_RC010010-5.00x5.00-Modulus_Forward-251030-CRO_52df9fd1.tiff,9,9,gwyddion_only,42490095.35233613,25727314.665190175,258828,kPa,42396419.72468619,22954509.512701236,258828,kPa,-93675.62764994055,0.9977953537907326,-2772805.1524889395,0.8922232969676922,0,1.0
PEGDA01TPO000SiNP_Sam01_S1_P__GrID044_LOC_RC010011-5.00x5.00-Modulus_Forward-251030-CRO_799a61c5.tiff,9,10,gwyddion_only,62940591.94000721,49420373.18857088,249143,kPa,62374724.0790014,37768347.13151217,249143,kPa,-565867.8610058129,0.991009492545841,-11652026.057058707,0.7642262632740824,0,1.0
PEGDA01TPO000SiNP_Sam01_S1_P__GrID045_LOC_RC010012-5.00x5.00-Modulus_Forward-251030-CRO_9bae1474.tiff,9,11,gwyddion_only,104025866967.09409,4123589513.537496,2,kPa,459954867.22901917,0.0,2,kPa,-103565912099.86507,0.004421543224191672,-4123589513.537496,0.0,0,1.0
PEGDA01TPO000SiNP_Sam01_S1_P__GrID046_LOC_RC010016-5.00x5.00-Modulus_Forward-251030-CRO_971bd3a0.tiff,9,15,gwyddion_only,146514662.77427372,38117700.40958993,253289,kPa,146277396.37700564,30663245.840779237,253289,kPa,-237266.39726808667,0.9983805962299239,-7454454.568810694,0.8044358791661197,0,1.0
PEGDA01TPO000SiNP_Sam01_S1_P__GrID047_LOC_RC010020-5.00x5.00-Modulus_Forward-251030-CRO_74eb812b.tiff,9,19,gwyddion_only,36178616.13351787,21793349.94919221,251014,kPa,36134759.65909248,20618848.95807522,251014,kPa,-43856.47442539036,0.9987877791051063,-1174500.9911169894,0.9461073678963925,0,1.0
PEGDA01TPO000SiNP_Sam01_S1_P__GrID048_LOC_RC010021-5.00x5.00-Modulus_Forward-251030-CRO_cfcf1391.tiff,9,20,gwyddion_only,54549704.738345794,27236835.715068676,254032,kPa,54472659.435168885,25376702.91340453,254032,kPa,-77045.30317690969,0.9985876128285851,-1860132.8016641438,0.9317052530946158,0,1.0
PEGDA01TPO000SiNP_Sam01_S1_P__GrID049_LOC_RC011001-5.00x5.00-Modulus_Forward-251030-CRO_7c22cd95.tiff,10,0,gwyddion_only,751343663.8233289,90535133.3680826,256814,kPa,748443218.5971661,81899842.48681435,256814,kPa,-2900445.2261627913,0.9961396557050826,-8635290.881268248,0.9046194492677188,0,1.0
PEGDA01TPO000SiNP_Sam01_S1_P__GrID050_LOC_RC011002-5.00x5.00-Modulus_Forward-251031-CRO_9b78bc2e.tiff,10,1,gwyddion_only,228803985.28510427,72197854.75941251,250597,kPa,227711593.85569593,61637249.34657254,250597,kPa,-1092391.4294083416,0.9952256450950924,-10560605.412839971,0.8537268808327968,0,1.0
PEGDA01TPO000SiNP_Sam01_S1_P__GrID051_LOC_RC011006-5.00x5.00-Modulus_Forward-251031-CRO_319b6a7f.tiff,10,5,gwyddion_only,33928645.971985325,10736062.850524386,261495,kPa,33928645.97198473,10736062.850524327,261495,kPa,-5.960464477539062e-07,0.9999999999999825,-5.960464477539063e-08,0.9999999999999944,0,1.0
PEGDA01TPO000SiNP_Sam01_S1_P__GrID052_LOC_RC011010-5.00x5.00-Modulus_Forward-251031-CRO_3d8af3fe.tiff,10,9,gwyddion_only,3818154880.978973,209698024.04060835,259,kPa,481611231.67598826,289734764.92847717,259,kPa,-3336543649.3029847,0.1261371648581483,80036740.88786882,1.3816761805651043,0,1.0
PEGDA01TPO000SiNP_Sam01_S1_P__GrID053_LOC_RC011011-5.00x5.00-Modulus_Forward-251031-CRO_3645080c.tiff,10,10,gwyddion_only,435194837.0774118,87630774.85966554,254026,kPa,432506801.6195948,68233944.37940215,254026,kPa,-2688035.4578169584,0.9938233746616373,-19396830.480263397,0.7786527562796741,0,1.0
PEGDA01TPO000SiNP_Sam01_S1_P__GrID054_LOC_RC011012-5.00x5.00-Modulus_Forward-251031-CRO_87dfe8c2.tiff,10,11,gwyddion_only,1648172344.6592305,118467239.60425958,1865,kPa,737009972.0150683,219993684.84290624,1865,kPa,-911162372.6441622,0.4471680248751228,101526445.23864666,1.8570001764014783,0,1.0
PEGDA01TPO000SiNP_Sam01_S1_P__GrID055_LOC_RC011016-5.00x5.00-Modulus_Forward-251031-CRO_d3151adf.tiff,10,15,gwyddion_only,33531354.578942623,9246819.486045672,262144,kPa,33531354.57894333,9246819.486045264,262144,kPa,7.078051567077637e-07,1.000000000000021,-4.079192876815796e-07,0.9999999999999559,0,1.0
PEGDA01TPO000SiNP_Sam01_S1_P__GrID056_LOC_RC011020-5.00x5.00-Modulus_Forward-251031-CRO_d56434e2.tiff,10,19,gwyddion_only,60310725.070091605,35165922.916005835,253836,kPa,60190299.702274494,32631072.01689885,253836,kPa,-120425.36781711131,0.998003251201554,-2534850.899106983,0.9279174072820013,0,1.0
PEGDA01TPO000SiNP_Sam01_S1_P__GrID057_LOC_RC011021-5.00x5.00-Modulus_Forward-251031-CRO_c866112a.tiff,10,20,gwyddion_only,36508236.65489823,20533586.787793577,259381,kPa,36399383.49372576,15143983.391094917,259381,kPa,-108853.16117247194,0.9970183944461238,-5389603.396698659,0.7375225550022966,0,1.0
PEGDA01TPO000SiNP_Sam01_S1_P__GrID058_LOC_RC012001-5.00x5.00-Modulus_Forward-251031-CRO_3c2f3394.tiff,11,0,gwyddion_only,78013278.29259053,42119316.10254886,249656,kPa,77764863.17555091,33520696.997023843,249656,kPa,-248415.11703962088,0.9968157328793704,-8598619.105525017,0.7958509325130123,0,1.0
PEGDA01TPO000SiNP_Sam01_S1_P__GrID059_LOC_RC012002-5.00x5.00-Modulus_Forward-251031-CRO_53880952.tiff,11,1,gwyddion_only,44407200.70665434,13938671.96495083,260049,kPa,44397755.97772786,13501322.452858867,260049,kPa,-9444.728926479816,0.9997873153728183,-437349.5120919626,0.968623301187395,0,1.0
PEGDA01TPO000SiNP_Sam01_S1_P__GrID060_LOC_RC012006-5.00x5.00-Modulus_Forward-251031-CRO_7f038af9.tiff,11,5,gwyddion_only,630606931.5068631,129080855.21838458,254261,kPa,625086562.6835188,105640878.5008007,254261,kPa,-5520368.82334435,0.9912459433166185,-23439976.71758388,0.8184085728443067,0,1.0
PEGDA01TPO000SiNP_Sam01_S1_P__GrID061_LOC_RC012010-5.00x5.00-Modulus_Forward-251031-CRO_8e1e60d9.tiff,11,9,gwyddion_only,3974465782.5142493,357132908.20099866,1000,kPa,480122868.92092866,305399337.9245665,1000,kPa,-3494342913.593321,0.12080186248759264,-51733570.27643216,0.8551419679104008,0,1.0
PEGDA01TPO000SiNP_Sam01_S1_P__GrID062_LOC_RC012011-5.00x5.00-Modulus_Forward-251031-CRO_47f99270.tiff,11,10,gwyddion_only,144873599.00968415,51622597.46217957,253852,kPa,144494460.62512067,45608475.80868243,253852,kPa,-379138.38456347585,0.9973829711751819,-6014121.653497145,0.8834982749966565,0,1.0
PEGDA01TPO000SiNP_Sam01_S1_P__GrID063_LOC_RC012012-5.00x5.00-Modulus_Forward-251101-CRO_75dae1cb.tiff,11,11,gwyddion_only,56187529.430080526,41254447.80361984,246743,kPa,56096006.83063572,33909912.42407839,246743,kPa,-91522.59944480658,0.9983711225538275,-7344535.379541449,0.8219698536627362,0,1.0
PEGDA01TPO000SiNP_Sam01_S1_P__GrID064_LOC_RC012016-5.00x5.00-Modulus_Forward-251101-CRO_5f943d31.tiff,11,15,gwyddion_only,645555582.8271139,148948940.57391086,253367,kPa,636268658.3022925,106908993.64052925,253367,kPa,-9286924.5248214,0.9856140590030208,-42039946.93338162,0.7177559855652634,0,1.0
PEGDA01TPO000SiNP_Sam01_S1_P__GrID065_LOC_RC012020-5.00x5.00-Modulus_Forward-251101-CRO_c7d7ea15.tiff,11,19,gwyddion_only,806796988.368603,100781712.43840972,255318,kPa,802152875.5183407,88945994.72448426,255318,kPa,-4644112.850262284,0.9942437652628662,-11835717.713925451,0.8825608592316928,0,1.0
PEGDA01TPO000SiNP_Sam01_S1_P__GrID066_LOC_RC012021-5.00x5.00-Modulus_Forward-251101-CRO_5330f73f.tiff,11,20,gwyddion_only,88016620.59923634,50715672.10719113,248716,kPa,87683064.70757483,43029147.798899345,248716,kPa,-333555.8916615099,0.9962103079010466,-7686524.308291785,0.8484388752248856,0,1.0
PEGDA01TPO000SiNP_Sam01_S1_P__GrID067_LOC_RC014003-5.00x5.00-Modulus_Forward-251101-CRO_272d5a09.tiff,13,2,gwyddion_only,569432057.883513,610225149.9399492,249714,kPa,545913418.3905231,89026076.85338254,249714,kPa,-23518639.492989898,0.9586980761490582,-521199073.0865666,0.1458905403393213,0,1.0
PEGDA01TPO000SiNP_Sam01_S1_P__GrID068_LOC_RC014008-5.00x5.00-Modulus_Forward-251101-CRO_e2b4b8b1.tiff,13,7,gwyddion_only,376876152.14770466,51823685.73171571,260095,kPa,376489518.09098023,47091218.26653416,260095,kPa,-386634.05672442913,0.9989741084583859,-4732467.465181552,0.9086813799836448,0,1.0
PEGDA01TPO000SiNP_Sam01_S1_P__GrID069_LOC_RC014014-5.00x5.00-Modulus_Forward-251101-CRO_2cb2d76d.tiff,13,13,gwyddion_only,37143230.5290156,14355616.248149894,260797,kPa,37143230.529015906,14355616.24814949,260797,kPa,3.0547380447387695e-07,1.0000000000000082,-4.041939973831177e-07,0.9999999999999718,0,1.0
PEGDA01TPO000SiNP_Sam01_S1_P__GrID070_LOC_RC014019-5.00x5.00-Modulus_Forward-251101-CRO_5ac91a93.tiff,13,18,gwyddion_only,219854336.87848023,57578609.83171893,258870,kPa,219234935.80453128,50831430.69406395,258870,kPa,-619401.0739489496,0.9971826752078522,-6747179.1376549825,0.8828179569222928,0,1.0
PEGDA01TPO000SiNP_Sam01_S1_P__GrID071_LOC_RC016001-5.00x5.00-Modulus_Forward-251101-CRO_d90f8aaf.tiff,15,0,gwyddion_only,59325130.77472359,49346020.364365704,248742,kPa,58884533.88347364,37455531.408249415,248742,kPa,-440596.89124994725,0.9925731829749683,-11890488.956116289,0.7590385431627881,0,1.0
PEGDA01TPO000SiNP_Sam01_S1_P__GrID072_LOC_RC016005-5.00x5.00-Modulus_Forward-251101-CRO_b763ed6b.tiff,15,4,gwyddion_only,47778206.412080504,34736420.56007282,255557,kPa,47579195.10066571,29144808.88623345,255557,kPa,-199011.31141479313,0.9958346843391661,-5591611.673839368,0.8390274074391375,0,1.0
PEGDA01TPO000SiNP_Sam01_S1_P__GrID073_LOC_RC016006-5.00x5.00-Modulus_Forward-251101-CRO_2e822071.tiff,15,5,gwyddion_only,68812639.58281727,50567478.91144209,250540,kPa,68496485.78336567,41902469.117310055,250540,kPa,-316153.7994516045,0.995405585349315,-8665009.794132039,0.828644615459139,0,1.0
PEGDA01TPO000SiNP_Sam01_S1_P__GrID074_LOC_RC016010-5.00x5.00-Modulus_Forward-251101-CRO_c2c6e67e.tiff,15,9,gwyddion_only,730960280.839577,201485418.3686558,244916,kPa,709696455.535179,121064993.74326937,244916,kPa,-21263825.30439794,0.9709097390627376,-80420424.62538643,0.6008623091610431,0,1.0
PEGDA01TPO000SiNP_Sam01_S1_P__GrID075_LOC_RC016011-5.00x5.00-Modulus_Forward-251101-CRO_766314dc.tiff,15,10,gwyddion_only,38071476.489833616,11909545.536802314,262144,kPa,38071476.48983279,11909545.536802182,262144,kPa,-8.270144462585449e-07,0.9999999999999782,-1.3224780559539795e-07,0.9999999999999889,0,1.0
PEGDA01TPO000SiNP_Sam01_S1_P__GrID076_LOC_RC016012-5.00x5.00-Modulus_Forward-251102-CRO_ad3e4c81.tiff,15,11,gwyddion_only,46526083.06178532,18961688.550621405,260237,kPa,46526083.06178522,18961688.55062148,260237,kPa,-9.685754776000977e-08,0.9999999999999979,7.450580596923828e-08,1.000000000000004,0,1.0
PEGDA01TPO000SiNP_Sam01_S1_P__GrID077_LOC_RC016016-5.00x5.00-Modulus_Forward-251102-CRO_c335f704.tiff,15,15,gwyddion_only,41052208.39082409,10569659.071490612,262144,kPa,41052208.39082568,10569659.071490703,262144,kPa,1.5944242477416992e-06,1.0000000000000389,9.12696123123169e-08,1.0000000000000087,0,1.0
PEGDA01TPO000SiNP_Sam01_S1_P__GrID078_LOC_RC016017-5.00x5.00-Modulus_Forward-251102-CRO_d35e3737.tiff,15,16,gwyddion_only,70019998.87981667,36601842.52889439,252145,kPa,69864986.31649908,27650246.841163423,252145,kPa,-155012.563317582,0.9977861672979509,-8951595.687730964,0.7554331949091263,0,1.0
PEGDA01TPO000SiNP_Sam01_S1_P__GrID079_LOC_RC016021-5.00x5.00-Modulus_Forward-251102-CRO_1cb4b17c.tiff,15,20,gwyddion_only,36886971.96710216,17142206.419955235,257486,kPa,36886971.96710351,17142206.419955194,257486,kPa,1.3485550880432129e-06,1.0000000000000366,-4.0978193283081055e-08,0.9999999999999976,0,1.0
PEGDA01TPO000SiNP_Sam01_S1_P__GrID080_LOC_RC017001-5.00x5.00-Modulus_Forward-251102-CRO_cc40f1d0.tiff,16,0,gwyddion_only,230162358.88009673,84990982.70870535,252798,kPa,228759983.12411934,68416509.46063584,252798,kPa,-1402375.7559773922,0.993907015192228,-16574473.24806951,0.804985508817139,0,1.0
PEGDA01TPO000SiNP_Sam01_S1_P__GrID081_LOC_RC017005-5.00x5.00-Modulus_Forward-251102-CRO_0868197d.tiff,16,4,gwyddion_only,247561423.20064998,103763866.98712337,244584,kPa,244698351.41231966,78594608.42376088,244584,kPa,-2863071.7883303165,0.9884349033411002,-25169258.563362494,0.7574371571321076,0,1.0
PEGDA01TPO000SiNP_Sam01_S1_P__GrID082_LOC_RC017006-5.00x5.00-Modulus_Forward-251102-CRO_fe8a749d.tiff,16,5,gwyddion_only,102942356.44393846,45590613.23564518,253786,kPa,102535065.99477579,34947218.803158015,253786,kPa,-407290.44916267693,0.9960435095597945,-10643394.432487167,0.7665441704529302,0,1.0
PEGDA01TPO000SiNP_Sam01_S1_P__GrID083_LOC_RC017016-5.00x5.00-Modulus_Forward-251102-CRO_435ce319.tiff,16,15,gwyddion_only,2946388450.411887,218349383.3134785,835,kPa,507878968.7227424,263526905.6633436,835,kPa,-2438509481.6891446,0.17237339110928973,45177522.34986511,1.2069047398453374,0,1.0
PEGDA01TPO000SiNP_Sam01_S1_P__GrID084_LOC_RC017017-5.00x5.00-Modulus_Forward-251102-CRO_70d3d6ca.tiff,16,16,gwyddion_only,29540930.931749396,15900783.244207986,260595,kPa,29532905.333806302,15634714.351946801,260595,kPa,-8025.597943093628,0.999728322781647,-266068.89226118475,0.9832669316866449,0,1.0
PEGDA01TPO000SiNP_Sam01_S1_P__GrID085_LOC_RC017021-5.00x5.00-Modulus_Forward-251102-CRO_7299d06d.tiff,16,20,gwyddion_only,,,0,kPa,,,0,kPa,,,,,0,
PEGDA01TPO000SiNP_Sam01_S1_P__GrID086_LOC_RC019008-5.00x5.00-Modulus_Forward-251102-CRO_296275b3.tiff,18,7,gwyddion_only,55796202.00308943,46726818.67566206,250323,kPa,55096107.99932763,36222000.36416773,250323,kPa,-700094.0037617981,0.9874526584493505,-10504818.311494336,0.7751865286526379,0,1.0
PEGDA01TPO000SiNP_Sam01_S1_P__GrID087_LOC_RC019014-5.00x5.00-Modulus_Forward-251102-CRO_ce620c64.tiff,18,13,gwyddion_only,36560338.462377526,23412558.16959735,253507,kPa,36471211.94076191,20375194.353073284,253507,kPa,-89126.52161561698,0.997562207425751,-3037363.816524066,0.870267751412647,0,1.0
PEGDA01TPO000SiNP_Sam01_S1_P__GrID088_LOC_RC020001-5.00x5.00-Modulus_Forward-251102-CRO_44d99d50.tiff,19,0,gwyddion_only,10738262875.223785,511553786.9623743,80,kPa,563198950.722483,277535330.9334012,80,kPa,-10175063924.501303,0.05244786398570504,-234018456.0289731,0.542534016963136,0,1.0
PEGDA01TPO000SiNP_Sam01_S1_P__GrID089_LOC_RC020002-5.00x5.00-Modulus_Forward-251102-CRO_9b941964.tiff,19,1,gwyddion_only,1521887833.9047554,80153769.92800356,381,kPa,937468343.9639053,37515568.30021376,381,kPa,-584419489.94085,0.6159904318037771,-42638201.6277898,0.4680449632489068,0,1.0
PEGDA01TPO000SiNP_Sam01_S1_P__GrID090_LOC_RC020010-5.00x5.00-Modulus_Forward-251103-CRO_c9aeafeb.tiff,19,9,gwyddion_only,3435514042.0293965,468140866.1152964,1499,kPa,502144506.1464501,287527678.4357814,1499,kPa,-2933369535.8829465,0.14616284492024015,-180613187.679515,0.614190512402238,0,1.0
PEGDA01TPO000SiNP_Sam01_S1_P__GrID091_LOC_RC020011-5.00x5.00-Modulus_Forward-251103-CRO_4b1e79bf.tiff,19,10,gwyddion_only,424653072.3386459,115133384.09633696,250296,kPa,421187721.4926952,97796059.45396887,250296,kPa,-3465350.845950663,0.9918395719431246,-17337324.642368093,0.8494153126962617,0,1.0
PEGDA01TPO000SiNP_Sam01_S1_P__GrID092_LOC_RC020012-5.00x5.00-Modulus_Forward-251103-CRO_1ded314f.tiff,19,11,gwyddion_only,267506894.4059998,374242081.36049634,256557,kPa,256447359.72729406,55063282.47621009,256557,kPa,-11059534.678705752,0.9586570106790575,-319178798.8842863,0.14713279243220448,0,1.0
PEGDA01TPO000SiNP_Sam01_S1_P__GrID093_LOC_RC020020-5.00x5.00-Modulus_Forward-251103-CRO_c273767c.tiff,19,19,gwyddion_only,84077687.8428142,70071884.68789475,247740,kPa,83529139.61334072,35081166.11277559,247740,kPa,-548548.2294734865,0.9934756979699654,-34990718.57511916,0.5006453910727483,0,1.0
PEGDA01TPO000SiNP_Sam01_S1_P__GrID094_LOC_RC020021-5.00x5.00-Modulus_Forward-251103-CRO_91bf79e4.tiff,19,20,gwyddion_only,288172787.1151396,141452224.60836416,251956,kPa,285955548.0454666,66653251.634907916,251956,kPa,-2217239.0696730018,0.992305869364455,-74798972.97345625,0.47120681077621357,0,1.0
PEGDA01TPO000SiNP_Sam01_S1_P__GrID095_LOC_RC021001-5.00x5.00-Modulus_Forward-251103-CRO_210e8324.tiff,20,0,gwyddion_only,772522848.5472294,722489209.8180456,254857,kPa,753649979.0226792,104879486.16375344,254857,kPa,-18872869.5245502,0.9755698235203766,-617609723.6542922,0.14516408651994495,0,1.0
PEGDA01TPO000SiNP_Sam01_S1_P__GrID096_LOC_RC021002-5.00x5.00-Modulus_Forward-251103-CRO_0e1929e4.tiff,20,1,gwyddion_only,1013721221.8894584,695113632.5801815,72608,kPa,743134357.7760856,227069720.33651343,72608,kPa,-270586864.1133728,0.7330756639295463,-468043912.2436681,0.32666561220164375,0,1.0
PEGDA01TPO000SiNP_Sam01_S1_P__GrID097_LOC_RC021005-5.00x5.00-Modulus_Forward-251103-CRO_a63a135e.tiff,20,4,gwyddion_only,186221698.42378238,87957759.36825268,244406,kPa,184029140.6074481,68111696.2158072,244406,kPa,-2192557.8163342774,0.9882260883941424,-19846063.15244548,0.7743682502261571,0,1.0
PEGDA01TPO000SiNP_Sam01_S1_P__GrID098_LOC_RC021006-5.00x5.00-Modulus_Forward-251103-CRO_33bd4040.tiff,20,5,gwyddion_only,65275388.14078137,41644828.79991512,245818,kPa,64895274.81562942,30664544.452798136,245818,kPa,-380113.3251519501,0.994176774187353,-10980284.347116984,0.7363349865148355,0,1.0
PEGDA01TPO000SiNP_Sam01_S1_P__GrID099_LOC_RC021010-5.00x5.00-Modulus_Forward-251103-CRO_2d48f434.tiff,20,9,gwyddion_only,62581038.62836345,72615003.14121558,248872,kPa,61775592.97954609,44938029.82909415,248872,kPa,-805445.6488173604,0.987129557666812,-27676973.31212143,0.6188532381070401,0,1.0
PEGDA01TPO000SiNP_Sam01_S1_P__GrID100_LOC_RC021011-5.00x5.00-Modulus_Forward-251103-CRO_fd17ffd5.tiff,20,10,gwyddion_only,4746584006.544736,199319739.18117917,67,kPa,515739991.6546534,285709509.9976588,67,kPa,-4230844014.8900824,0.10865498028551379,86389770.81647962,1.4334230577030427,0,1.0
PEGDA01TPO000SiNP_Sam01_S1_P__GrID101_LOC_RC021012-5.00x5.00-Modulus_Forward-251103-CRO_00090da2.tiff,20,11,gwyddion_only,,,0,kPa,,,0,kPa,,,,,0,
PEGDA01TPO000SiNP_Sam01_S1_P__GrID102_LOC_RC021016-5.00x5.00-Modulus_Forward-251103-CRO_fed30b14.tiff,20,15,gwyddion_only,45927951.10351543,44535675.49027846,252807,kPa,45641573.70554447,23603362.501296747,252807,kPa,-286377.39797095954,0.9937646380670128,-20932312.988981713,0.5299877512006985,0,1.0
PEGDA01TPO000SiNP_Sam01_S1_P__GrID103_LOC_RC021017-5.00x5.00-Modulus_Forward-251104-CRO_19f6d0ce.tiff,20,16,gwyddion_only,36959382.861487925,17661581.915029027,260620,kPa,36948677.96378305,17229379.111681547,260620,kPa,-10704.89770487696,0.9997103604855905,-432202.80334747955,0.9755286471264673,0,1.0
PEGDA01TPO000SiNP_Sam01_S1_P__GrID104_LOC_RC021020-5.00x5.00-Modulus_Forward-251104-CRO_300d0154.tiff,20,19,gwyddion_only,35233104.59636177,5861168.513776112,262144,kPa,35233104.59636167,5861168.513776146,262144,kPa,-1.043081283569336e-07,0.999999999999997,3.3527612686157227e-08,1.0000000000000058,0,1.0
PEGDA01TPO000SiNP_Sam01_S1_P__GrID105_LOC_RC021021-5.00x5.00-Modulus_Forward-251104-CRO_60dd34c8.tiff,20,20,gwyddion_only,44532038.63297838,22261355.91867981,252697,kPa,44510461.327562,21539241.082713958,252697,kPa,-21577.30541638285,0.9995154655821124,-722114.8359658532,0.9675619563065376,0,1.0
