method,row_idx,col_idx,avg_forward,avg_backward,delta_avg,ratio_avg,std_forward,std_backward,n_valid_forward,n_valid_backward,delta_n_valid
gwy_stats,0,0,211354726.92997748,461329662.4886299,249974935.5586524,2.1827269689665845,179838487.29423624,316596842.0228053,242148,248309,6161
gwy_stats,0,1,107998348.54426378,243772452.92408404,135774104.37982026,2.2571868571135827,97974863.01485436,103050421.85317595,244799,251530,6731
gwy_stats,0,4,38898812.09383559,38665880.4842709,-232931.60956469178,0.9940118580227388,23660809.178077944,23680059.89118217,260090,260116,26
gwy_stats,0,5,50560283.31729295,190172115.17819604,139611831.86090308,3.7612944924529756,60877452.069495,132557351.94491833,251421,259388,7967
gwy_stats,0,9,313243032.4427837,799152334.5658671,485909302.12308335,2.5512214216986244,92822967.28209752,51919423.70674996,260532,259442,-1090
gwy_stats,0,10,325190574.7660439,414826761.0015459,89636186.235502,1.2756420179151569,64340815.03378484,65546866.879461706,256591,259236,2645
gwy_stats,0,11,109599484.57691438,402077019.8471838,292477535.27026945,3.6686032000909226,43814402.95610814,60786257.82286129,253816,259979,6163
gwy_stats,0,16,54610108.92998969,46584977.063463815,-8025131.866525874,0.8530467705747645,50015134.63422422,33415876.239848003,257690,256933,-757
gwy_stats,0,19,76943183.82049735,66715122.77253098,-10228061.047966368,0.8670699529171074,45357840.33616085,38351986.95138783,252876,252892,16
gwy_stats,0,20,478467999.21431386,2756309485.349634,2277841486.13532,5.760697663951893,319122553.2706219,499955774.57489794,245819,1534,-244285
gwy_stats,1,0,37788469.79875943,37864292.965015434,75823.16625600308,1.0020065159203269,8594292.652850257,8514277.238804698,262139,262142,3
gwy_stats,1,1,134051135.28125194,69247803.52144204,-64803331.7598099,0.5165775237647455,47027043.11617046,40859043.88024975,252190,245494,-6696
gwy_stats,1,9,2470324580.4976506,1174970045.3414779,-1295354535.1561728,0.47563387200915047,1861460455.1890044,641487426.2698466,5319,42121,36802
gwy_stats,1,10,37238985.25236385,37946921.48675707,707936.2343932167,1.0190106209821677,13475607.535250243,12287451.020476932,260941,261061,120
gwy_stats,1,11,63574567.525007136,50729727.336910695,-12844840.188096441,0.797956310390253,28044067.91820621,30030187.04421712,255885,252414,-3471
gwy_stats,1,19,40515136.33464782,42124396.97058869,1609260.6359408721,1.0397199857023476,18279377.20674194,19605609.48839984,259699,258588,-1111
gwy_stats,1,20,33311794.4954594,33306819.16827648,-4975.327182918787,0.9998506436756628,7613344.834644517,7468969.232504184,262144,262144,0
gwy_stats,2,13,128780334.7976673,133627427.86891407,4847093.071246773,1.0376384568254327,76073969.52399455,76245267.74666539,246033,245421,-612
gwy_stats,4,0,476043722.9554889,67144538.40755445,-408899184.5479345,0.1410469987729102,72408182.88727114,47321694.244171955,257769,250852,-6917
gwy_stats,4,4,588651934.0700958,178463466.26605657,-410188467.80403924,0.3031731587665274,256949964.67746982,84884338.66493239,258496,248307,-10189
gwy_stats,4,15,35051849.69096463,35165645.59605502,113795.90509039164,1.0032465021416466,10835861.005543275,10703474.540712407,262144,262139,-5
gwy_stats,4,16,118824690.29598334,178326138.67893875,59501448.3829554,1.5007498713839842,53321264.893061414,51383655.54375611,250778,253580,2802
gwy_stats,5,0,199042421.7764259,448910290.9971384,249867869.22071248,2.25534982437752,106881770.80069306,109511444.21195766,250043,256571,6528
gwy_stats,5,4,520271056.54406583,110643482.84215587,-409627573.70190996,0.2126650741963475,68525807.66053396,82066380.52036366,259474,244851,-14623
gwy_stats,5,5,174425639.48166648,1248730986.3791668,1074305346.8975003,7.159102240301194,69341405.65760162,135752613.98870498,246182,7875,-238307
gwy_stats,5,9,118667077.75300743,94579690.41794364,-24087387.335063785,0.7970171020373565,52072278.066198334,50534796.426505126,252724,248583,-4141
gwy_stats,5,10,67305162.60012044,60983125.49823252,-6322037.101887919,0.9060690613073921,42698550.70118914,32878445.250598483,253985,253123,-862
gwy_stats,5,11,70913457.20695688,47936256.797157794,-22977200.409799084,0.6759825100228658,38105561.48921705,40626729.24879841,259251,251478,-7773
gwy_stats,5,15,64257102.04295625,46769897.26472232,-17487204.77823393,0.7278556887526046,31495496.53634843,32302481.16049332,257708,254505,-3203
gwy_stats,5,16,51724109.89610285,40829149.5327642,-10894960.363338657,0.7893639854755715,25181805.335915986,23531842.70036833,257689,257095,-594
gwy_stats,5,20,45765111.27190777,45186731.12127605,-578380.1506317183,0.9873619852643787,27929362.71748325,27221583.938787557,256170,255151,-1019
gwy_stats,6,2,150270890.64213544,736917967.4116279,586647076.7694924,4.9039302573016,116266364.40458144,179965665.9243851,238971,253303,14332
gwy_stats,6,20,742047107.8677584,7071445821.573961,6329398713.7062025,9.529645418191128,310644093.9852566,728662553.1270541,243019,361,-242658
gwy_stats,7,7,297018635.9911696,378106718.54935426,81088082.55818468,1.273006716523321,157131333.9100784,142538374.28351778,244078,239929,-4149
gwy_stats,7,13,568029306.1361424,201132820.33391452,-366896485.80222785,0.35408880873077353,101691222.49612442,70285721.19156681,247720,240742,-6978
gwy_stats,7,18,99060128.09813412,3986245516.240613,3887185388.142479,40.24066587408034,68651256.65251264,196441963.198688,247763,54,-247709
gwy_stats,9,0,141833598.071158,456691782.5793306,314858184.50817263,3.2199125509754616,73213055.56113182,100519863.52683213,245505,252221,6716
gwy_stats,9,1,60099410.266268365,49233518.70825918,-10865891.558009185,0.8192013613799499,34218776.33029252,33848022.9643202,256890,255831,-1059
gwy_stats,9,5,39898602.18061039,48654508.549738795,8755906.369128406,1.21945396306098,22213109.841923557,20781954.247567706,259332,259854,522
gwy_stats,9,9,42490095.35233613,39311402.99140794,-3178692.3609281927,0.9251898040103262,25727314.665190175,22751961.63687902,258828,257946,-882
gwy_stats,9,10,62940591.94000721,122757568.29205416,59816976.35204695,1.9503720017292245,49420373.18857088,51623769.38088984,249143,255452,6309
gwy_stats,9,11,104025866967.09409,22784475763.201794,-81241391203.89229,0.21902702113897382,4123589513.537496,999264638.2005634,2,6,4
gwy_stats,9,15,146514662.77427372,53022366.230564915,-93492296.5437088,0.36189119386810636,38117700.40958993,36142442.32680501,253289,246006,-7283
gwy_stats,9,19,36178616.13351787,46978781.06653298,10800164.933015108,1.2985234397345906,21793349.94919221,24270910.079939727,251014,253421,2407
gwy_stats,9,20,54549704.738345794,57732967.52501184,3183262.786666043,1.0583552707010047,27236835.715068676,26725840.437856298,254032,253822,-210
gwy_stats,10,0,751343663.8233289,533483941.1158724,-217859722.70745647,0.7100398483447062,90535133.3680826,77761231.78383562,256814,257268,454
gwy_stats,10,1,228803985.28510427,529267042.08059466,300463056.7954904,2.3131897874116762,72197854.75941251,86605057.44227237,250597,256840,6243
gwy_stats,10,5,33928645.971985325,34377372.783729106,448726.81174378097,1.013225603288569,10736062.850524386,12028005.836594107,261495,260603,-892
gwy_stats,10,9,3818154880.978973,210468731.13082677,-3607686149.848146,0.055123151808043655,209698024.04060835,57700890.2085223,259,244387,244128
gwy_stats,10,10,435194837.0774118,143670225.40561748,-291524611.6717943,0.3301285152426145,87630774.85966554,56038228.35864846,254026,243956,-10070
gwy_stats,10,11,1648172344.6592305,115048998.78465584,-1533123345.8745747,0.06980398570420311,118467239.60425958,69974910.74244422,1865,246465,244600
gwy_stats,10,15,33531354.578942623,33518615.09320387,-12739.485738754272,0.9996200724396993,9246819.486045672,9166026.128572993,262144,262144,0
gwy_stats,10,19,60310725.070091605,48171594.15889759,-12139130.911194012,0.7987235123257725,35165922.916005835,34999741.06117408,253836,251807,-2029
gwy_stats,10,20,36508236.65489823,46654063.85052519,10145827.19562696,1.2779051558017585,20533586.787793577,15739310.793996897,259381,258612,-769
gwy_stats,11,0,78013278.29259053,290145566.6802459,212132288.38765535,3.7191818243049406,42119316.10254886,59435878.50581791,249656,255923,6267
gwy_stats,11,1,44407200.70665434,37172389.283679,-7234811.422975339,0.837080218796786,13938671.96495083,15640004.973021716,260049,259661,-388
gwy_stats,11,5,630606931.5068631,294747471.6144467,-335859459.8924164,0.4674028414342586,129080855.21838458,115827737.89313507,254261,247805,-6456
gwy_stats,11,9,3974465782.5142493,841726449.7363061,-3132739332.777943,0.21178354420347517,357132908.20099866,132719808.07632317,1000,254370,253370
gwy_stats,11,10,144873599.00968415,151864516.62922937,6990917.619545221,1.0482552905935463,51622597.46217957,299475513.72799194,253852,253692,-160
gwy_stats,11,11,56187529.430080526,54490189.59952243,-1697339.8305580989,0.9697915205068722,41254447.80361984,37704372.411695056,246743,246604,-139
gwy_stats,11,15,645555582.8271139,276094989.9848089,-369460592.84230494,0.42768585282105737,148948940.57391086,160523990.29444107,253367,242673,-10694
gwy_stats,11,19,806796988.368603,194120361.04045177,-612676627.3281512,0.24060620433521449,100781712.43840972,66319567.506381415,255318,246289,-9029
gwy_stats,13,2,569432057.883513,732169072.9078882,162737015.0243752,1.2857882916343741,610225149.9399492,146389489.769154,249714,252218,2504
gwy_stats,13,7,376876152.14770466,129141927.59079343,-247734224.55691123,0.34266410027498995,51823685.73171571,44334321.555889994,260095,255716,-4379
gwy_stats,13,13,37143230.5290156,38353537.93417353,1210307.4051579311,1.0325848718035568,14355616.248149894,15341894.014940167,260797,260584,-213
gwy_stats,13,18,219854336.87848023,79552930.18723205,-140301406.69124818,0.36184380675284666,57578609.83171893,56789529.451388806,258870,248279,-10591
gwy_stats,15,0,59325130.77472359,69157821.57716359,9832690.802440003,1.1657424210285834,49346020.364365704,47105793.95992785,248742,250729,1987
gwy_stats,15,4,47778206.412080504,49602870.41566886,1824664.003588356,1.0381902993145218,34736420.56007282,29483235.63754844,255557,257539,1982
gwy_stats,15,5,68812639.58281727,68546554.95368783,-266084.6291294396,0.9961332012440941,50567478.91144209,47618298.47781855,250540,251131,591
gwy_stats,15,9,730960280.839577,473203282.1292555,-257756998.7103215,0.6473720864637635,201485418.3686558,275214926.71289116,244916,244446,-470
gwy_stats,15,10,38071476.489833616,38052537.14476545,-18939.34506816417,0.9995025319001426,11909545.536802314,12162319.396684542,262144,262144,0
gwy_stats,15,11,46526083.06178532,44723159.56976888,-1802923.4920164347,0.9612491881248159,18961688.550621405,18172178.895714235,260237,260280,43
gwy_stats,15,15,41052208.39082409,41184226.594773956,132018.20394986868,1.0032158611954083,10569659.071490612,10628969.532753153,262144,262144,0
gwy_stats,15,16,70019998.87981667,152767417.30751285,82747418.42769618,2.181768348350377,36601842.52889439,32329186.046508476,252145,259855,7710
gwy_stats,15,20,36886971.96710216,36642101.37230597,-244870.59479619563,0.9933615967443848,17142206.419955235,17959742.51296575,257486,257200,-286
gwy_stats,16,0,230162358.88009673,228772825.13017055,-1389533.7499261796,0.9939628106147015,84990982.70870535,111405232.09379852,252798,246961,-5837
gwy_stats,16,4,247561423.20064998,4412418207.623197,4164856784.4225464,17.823529007776408,103763866.98712337,337671899.64772713,244584,302,-244282
gwy_stats,16,5,102942356.44393846,59656276.92234309,-43286079.521595374,0.5795114759669543,45590613.23564518,49443910.07575286,253786,247415,-6371
gwy_stats,16,15,2946388450.411887,627072732.3432803,-2319315718.068607,0.21282758295350343,218349383.3134785,153648141.43366846,835,256466,255631
gwy_stats,16,16,29540930.931749396,29433615.584036253,-107315.34771314263,0.9963672320293128,15900783.244207986,16077925.347133853,260595,261180,585
gwy_stats,18,7,55796202.00308943,63505926.88267089,7709724.879581459,1.1381765174474523,46726818.67566206,44909963.4481688,250323,252721,2398
gwy_stats,18,13,36560338.462377526,35615385.86562051,-944952.5967570171,0.9741536146409197,23412558.16959735,26144356.792800326,253507,253885,378
gwy_stats,19,0,10738262875.223785,1056714034.7699623,-9681548840.453823,0.09840642262614943,511553786.9623743,347675578.96206725,80,67036,66956
gwy_stats,19,1,1521887833.9047554,170648387.468695,-1351239446.4360604,0.11212941168657423,80153769.92800356,40516794.715376556,381,257328,256947
gwy_stats,19,9,3435514042.0293965,12453783189.602596,9018269147.5732,3.6250130365486752,468140866.1152964,1077519350.0066085,1499,264,-1235
gwy_stats,19,10,424653072.3386459,290702848.6101943,-133950223.72845155,0.684565513700956,115133384.09633696,103658431.18476112,250296,250027,-269
gwy_stats,19,11,267506894.4059998,101235465.32151735,-166271429.08448246,0.3784405839195701,374242081.36049634,108066319.70575444,256557,247698,-8859
gwy_stats,19,19,84077687.8428142,90236297.91046707,6158610.067652866,1.0732490417572682,70071884.68789475,34831047.08425586,247740,248405,665
gwy_stats,19,20,288172787.1151396,370198169.88698107,82025382.77184147,1.2846395858296924,141452224.60836416,80963924.21279638,251956,255583,3627
gwy_stats,20,0,772522848.5472294,1791236573.806309,1018713725.2590796,2.318684265682012,722489209.8180456,126786878.94949695,254857,484,-254373
gwy_stats,20,1,1013721221.8894584,1275130578.6087134,261409356.71925497,1.257871050812193,695113632.5801815,1265809045.6055684,72608,33978,-38630
gwy_stats,20,4,186221698.42378238,1223500940.464193,1037279242.0404108,6.57013092899565,87957759.36825268,593811535.3485435,244406,10881,-233525
gwy_stats,20,5,65275388.14078137,371560451.4154126,306285063.27463126,5.692198269492586,41644828.79991512,54147690.006242536,245818,256639,10821
gwy_stats,20,9,62581038.62836345,1226465061.1037033,1163884022.47534,19.598029818377533,72615003.14121558,185300715.4145811,248872,5027,-243845
gwy_stats,20,10,4746584006.544736,112195502.50472084,-4634388504.040015,0.0236371045682584,199319739.18117917,57229593.16551321,67,247578,247511
gwy_stats,20,15,45927951.10351543,47188537.215458855,1260586.1119434237,1.0274470356646703,44535675.49027846,31199205.11258753,252807,252154,-653
gwy_stats,20,16,36959382.861487925,114122476.15498342,77163093.29349549,3.087780891328147,17661581.915029027,18148681.87861897,260620,262143,1523
gwy_stats,20,19,35233104.59636177,35270408.31611135,37303.71974957734,1.0010587690235344,5861168.513776112,5831198.599582347,262144,262144,0
gwy_stats,20,20,44532038.63297838,45044509.72418471,512471.0912063271,1.011507918948647,22261355.91867981,24632142.131640214,252697,253002,305
gwy_ops_py_stats,0,0,202433073.66020134,439092598.2961488,236659524.63594744,2.16907539048287,75354443.76373321,82948327.75545523,242148,248309,6161
gwy_ops_py_stats,0,1,105239798.57717517,239665956.7357143,134426158.15853912,2.277331959733473,55235591.64175435,59830585.62755706,244799,251530,6731
gwy_ops_py_stats,0,4,38867314.81108521,38636207.76356273,-231107.0475224778,0.9940539487061102,22720079.640543953,22975495.25453329,260090,260116,26
gwy_ops_py_stats,0,5,50065515.22930733,186082926.60752907,136017411.37822175,3.716788407254819,30317475.1117068,30463309.367491648,251421,259388,7967
gwy_ops_py_stats,0,9,311266356.6510433,796869733.6450185,485603376.99397516,2.5600895073230765,41452745.52615134,40164439.685631715,260532,259442,-1090
gwy_ops_py_stats,0,10,324658798.6083881,413907672.92534906,89248874.31696093,1.2749005254116499,58989769.21996826,56019502.21945955,256591,259236,2645
gwy_ops_py_stats,0,11,109222821.761382,401211279.01145566,291988457.2500737,3.673328270972324,35388785.54598759,50998590.68738048,253816,259979,6163
gwy_ops_py_stats,0,16,53539263.222624294,46446726.72593707,-7092536.496687226,0.8675264456442855,30252810.829438858,27511012.13896057,257690,256933,-757
gwy_ops_py_stats,0,19,76507262.85086495,66437416.15828072,-10069846.692584224,0.8683805129427608,36278638.781127565,32192741.154194128,252876,252892,16
gwy_ops_py_stats,0,20,453918316.6640968,570033400.9100715,116115084.24597472,1.2558061219016654,67850040.63959137,274411962.40394616,245819,1534,-244285
gwy_ops_py_stats,1,0,37788469.79875993,37864292.9650147,75823.16625477374,1.0020065159202944,8594292.652850194,8514277.238804882,262139,262142,3
gwy_ops_py_stats,1,1,133622861.99389751,69020025.41359068,-64602836.58030683,0.5165285669210018,40666780.59680187,35867391.277729966,252190,245494,-6696
gwy_ops_py_stats,1,9,595691153.5909961,678086623.7961329,82395470.20513678,1.1383191100093284,275702073.4638554,261195582.7540163,5319,42121,36802
gwy_ops_py_stats,1,10,37238985.252362505,37946921.486757405,707936.2343949005,1.0190106209822134,13475607.535249965,12287451.02047711,260941,261061,120
gwy_ops_py_stats,1,11,63485290.625990205,50610312.641472965,-12874977.984517239,0.7971974632617282,26016086.67261596,27171371.343710903,255885,252414,-3471
gwy_ops_py_stats,1,19,40506410.97145682,42101011.17684557,1594600.2053887546,1.0393666130162063,18007010.603758752,18681437.515403036,259699,258588,-1111
gwy_ops_py_stats,1,20,33311794.495459113,33306819.168277405,-4975.327181708068,0.9998506436756991,7613344.8346443465,7468969.232504233,262144,262144,0
gwy_ops_py_stats,2,13,127576950.24753614,132470466.94421797,4893516.696681827,1.038357373233856,57663379.38607061,61653355.902159914,246033,245421,-612
gwy_ops_py_stats,4,0,474459606.11869806,66808738.552984655,-407650867.5657134,0.14081017159608475,56771064.35343017,42142635.058508135,257769,250852,-6917
gwy_ops_py_stats,4,4,579561317.4191424,176770301.2278458,-402791016.1912966,0.3050070733067997,86839633.46281262,63943111.58540424,258496,248307,-10189
gwy_ops_py_stats,4,15,35051849.69096366,35165645.59605475,113795.90509108454,1.0032465021416666,10835861.00554326,10703474.540712535,262144,262139,-5
gwy_ops_py_stats,4,16,118285280.50467888,177919907.68795994,59634627.183281064,1.5041593250558523,43739994.30401723,44730590.588940255,250778,253580,2802
gwy_ops_py_stats,5,0,195782657.21818802,446090640.37453973,250307983.15635172,2.2784992639945556,66139233.75354355,80254546.47678769,250043,256571,6528
gwy_ops_py_stats,5,4,519014846.4836427,108810130.2174212,-410204716.2662215,0.20964743292916665,60343124.948764205,52872948.64385101,259474,244851,-14623
gwy_ops_py_stats,5,5,173537903.66528165,632385743.43312,458847839.76783836,3.6440784985674366,54880933.357855484,247790369.61740246,246182,7875,-238307
gwy_ops_py_stats,5,9,118475447.36012505,94303694.8786511,-24171752.481473953,0.7959766937363819,49890348.426921606,46722827.070232995,252724,248583,-4141
gwy_ops_py_stats,5,10,66952864.33479641,60815124.596964955,-6137739.737831451,0.9083274509789483,28177015.898334213,28331190.42959302,253985,253123,-862
gwy_ops_py_stats,5,11,70688599.12917672,47626744.57949636,-23061854.54968036,0.6737542569271036,33201776.22245041,34766698.31640716,259251,251478,-7773
gwy_ops_py_stats,5,15,64067518.59331336,46670178.134971075,-17397340.458342284,0.728453031421791,26890647.836158607,27905304.136149377,257708,254505,-3203
gwy_ops_py_stats,5,16,51663852.2385943,40801847.3916316,-10862004.846962698,0.7897561955542973,23556605.095854737,22655769.351235427,257689,257095,-594
gwy_ops_py_stats,5,20,45599005.14488779,45045848.928311855,-553156.2165759355,0.9878691165559793,23621280.378649402,23345820.934541903,256170,255151,-1019
gwy_ops_py_stats,6,2,145798567.1600802,722811158.0420609,577012590.8819807,4.957601244794451,71322445.4895474,95605428.71809919,238971,253303,14332
gwy_ops_py_stats,6,20,718657548.6440941,530722057.7984967,-187935490.8455974,0.7384908970897486,146824592.05620506,266456175.5111728,243019,361,-242658
gwy_ops_py_stats,7,7,290710781.0453996,370717333.630801,80006552.58540142,1.2752101325506293,89755262.54847987,100709064.59687555,244078,239929,-4149
gwy_ops_py_stats,7,13,565565857.287144,199654144.34374928,-365911712.94339466,0.35301661472535234,75393591.59741698,44975208.6871812,247720,240742,-6978
gwy_ops_py_stats,7,18,98225848.8746334,514579640.4803325,416353791.60569906,5.23873956169211,42578608.26208713,303109379.5835944,247763,54,-247709
gwy_ops_py_stats,9,0,140870506.3198654,453728113.79328686,312857607.47342145,3.220887932091592,56572684.732116155,81536709.68122204,245505,252221,6716
gwy_ops_py_stats,9,1,60002080.224260084,49133312.58315907,-10868767.641101018,0.8188601528400585,31353255.43897749,31951427.90317841,256890,255831,-1059
gwy_ops_py_stats,9,5,39812666.60075913,48605234.65573238,8792568.054973245,1.2208485089216705,19762411.521707326,19302894.39866026,259332,259854,522
gwy_ops_py_stats,9,9,42396419.72468619,39248746.59532685,-3147673.129359342,0.925756157010434,22954509.512701236,21067817.196322504,258828,257946,-882
gwy_ops_py_stats,9,10,62374724.0790014,122206025.90166272,59831301.822661325,1.9592235109029312,37768347.13151217,38592283.664438665,249143,255452,6309
gwy_ops_py_stats,9,11,459954867.22901917,557542570.648276,97587703.4192568,1.2121679981498408,0.0,271228793.95069116,2,6,4
gwy_ops_py_stats,9,15,146277396.37700564,52986329.321180195,-93291067.05582544,0.36223183235102674,30663245.840779237,35304475.94820273,253289,246006,-7283
gwy_ops_py_stats,9,19,36134759.65909248,46879232.88783856,10744473.228746079,1.2973445328020186,20618848.95807522,20900864.19391503,251014,253421,2407
gwy_ops_py_stats,9,20,54472659.435168885,57678188.4690244,3205529.0338555127,1.0588465675642402,25376702.91340453,25354588.478581145,254032,253822,-210
gwy_ops_py_stats,10,0,748443218.5971661,532387621.7580206,-216055596.83914548,0.711326669183928,81899842.48681435,71454291.91110222,256814,257268,454
gwy_ops_py_stats,10,1,227711593.85569593,527835598.62036383,300124004.76466787,2.318000544824524,61637249.34657254,74830662.04283535,250597,256840,6243
gwy_ops_py_stats,10,5,33928645.97198473,34377372.78372911,448726.81174438447,1.013225603288587,10736062.850524327,12028005.836594425,261495,260603,-892
gwy_ops_py_stats,10,9,481611231.67598826,209945123.54650772,-271666108.12948054,0.43592239910167146,289734764.92847717,50235262.07360867,259,244387,244128
gwy_ops_py_stats,10,10,432506801.6195948,143140396.9667018,-289366404.652893,0.33095525071672494,68233944.37940215,45429885.23759165,254026,243956,-10070
gwy_ops_py_stats,10,11,737009972.0150683,113928139.18213643,-623081832.8329319,0.1545815436806697,219993684.84290624,53886051.77494387,1865,246465,244600
gwy_ops_py_stats,10,15,33531354.57894333,33518615.09320323,-12739.485740099102,0.9996200724396592,9246819.486045264,9166026.128572986,262144,262144,0
gwy_ops_py_stats,10,19,60190299.702274494,48007008.44956542,-12183291.252709076,0.7975871309335134,32631072.01689885,31129214.144029118,253836,251807,-2029
gwy_ops_py_stats,10,20,36399383.49372576,46648307.404417045,10248923.910691284,1.281568612623835,15143983.391094917,15464711.05676605,259381,258612,-769
gwy_ops_py_stats,11,0,77764863.17555091,289715884.51894635,211951021.34339544,3.725537121629404,33520696.997023843,43982328.73079575,249656,255923,6267
gwy_ops_py_stats,11,1,44397755.97772786,37163774.0553832,-7233981.922344662,0.8370642442835716,13501322.452858867,15322862.96819254,260049,259661,-388
gwy_ops_py_stats,11,5,625086562.6835188,290811106.8938819,-334275455.78963685,0.465233336076558,105640878.5008007,88718064.27762432,254261,247805,-6456
gwy_ops_py_stats,11,9,480122868.92092866,833258849.3266572,353135980.4057285,1.7355116851638375,305399337.9245665,117103224.12221862,1000,254370,253370
gwy_ops_py_stats,11,10,144494460.62512067,143208769.97496876,-1285690.6501519084,0.9911021457529259,45608475.80868243,46377726.19158133,253852,253692,-160
gwy_ops_py_stats,11,11,56096006.83063572,54235234.309747346,-1860772.5208883733,0.9668287882503581,33909912.42407839,32446241.481541365,246743,246604,-139
gwy_ops_py_stats,11,15,636268658.3022925,267486342.37241703,-368782315.92987543,0.42039842585698095,106908993.64052925,84874173.54470636,253367,242673,-10694
gwy_ops_py_stats,11,19,802152875.5183407,193483105.657585,-608669769.8607557,0.2412047772471784,88945994.72448426,56938760.38607073,255318,246289,-9029
gwy_ops_py_stats,13,2,545913418.3905231,723495051.0309051,177581632.64038205,1.3252926685039783,89026076.85338254,105368808.31870915,249714,252218,2504
gwy_ops_py_stats,13,7,376489518.09098023,128834638.44523032,-247654879.64574993,0.3421998017328517,47091218.26653416,36804026.604670584,260095,255716,-4379
gwy_ops_py_stats,13,13,37143230.529015906,38349406.62895708,1206176.0999411717,1.0324736454735384,14355616.24814949,15196283.529130427,260797,260584,-213
gwy_ops_py_stats,13,18,219234935.80453128,78590970.7805967,-140643965.02393457,0.3584783168439359,50831430.69406395,44374883.563844286,258870,248279,-10591
gwy_ops_py_stats,15,0,58884533.88347364,68597441.59107397,9712907.707600333,1.1649483670333736,37455531.408249415,38710681.3829412,248742,250729,1987
gwy_ops_py_stats,15,4,47579195.10066571,49464594.65449993,1885399.5538342223,1.0396265542080985,29144808.88623345,26435432.859662842,255557,257539,1982
gwy_ops_py_stats,15,5,68496485.78336567,68267863.5228584,-228622.2605072707,0.996662277518436,41902469.117310055,42318307.82443754,250540,251131,591
gwy_ops_py_stats,15,9,709696455.535179,456757987.07436615,-252938468.46081287,0.6435962636024819,121064993.74326937,112737232.49276763,244916,244446,-470
gwy_ops_py_stats,15,10,38071476.48983279,38052537.14476538,-18939.34506741166,0.9995025319001624,11909545.536802182,12162319.396684434,262144,262144,0
gwy_ops_py_stats,15,11,46526083.06178522,44696019.83914553,-1830063.2226396948,0.9606658652049126,18961688.55062148,17244669.76057613,260237,260280,43
gwy_ops_py_stats,15,15,41052208.39082568,41184226.59477431,132018.20394863188,1.003215861195378,10569659.071490703,10628969.532753011,262144,262144,0
gwy_ops_py_stats,15,16,69864986.31649908,152736938.43417406,82871952.11767498,2.1861728812520242,27650246.841163423,31636597.786246818,252145,259855,7710
gwy_ops_py_stats,15,20,36886971.96710351,36636784.16090551,-250187.8061980009,0.9932174479807905,17142206.419955194,17756177.206010964,257486,257200,-286
gwy_ops_py_stats,16,0,228759983.12411934,226034558.29890844,-2725424.825210899,0.9880860944821274,68416509.46063584,64114485.079741515,252798,246961,-5837
gwy_ops_py_stats,16,4,244698351.41231966,505027097.9036455,260328746.49132586,2.063876176479296,78594608.42376088,280372406.890887,244584,302,-244282
gwy_ops_py_stats,16,5,102535065.99477579,58989506.773647666,-43545559.22112812,0.5753105652329049,34947218.803158015,32196107.7946442,253786,247415,-6371
gwy_ops_py_stats,16,15,507878968.7227424,623216580.1620456,115337611.43930322,1.2270966481037089,263526905.6633436,94543044.6863165,835,256466,255631
gwy_ops_py_stats,16,16,29532905.333806302,29433615.58403606,-99289.74977024272,0.9966379958677284,15634714.351946801,16077925.347133603,260595,261180,585
gwy_ops_py_stats,18,7,55096107.99932763,63197465.19604338,8101357.19671575,1.1470404624009851,36222000.36416773,35659175.8531447,250323,252721,2398
gwy_ops_py_stats,18,13,36471211.94076191,35457961.43567032,-1013250.5050915852,0.9722177999805065,20375194.353073284,20521422.755208846,253507,253885,378
gwy_ops_py_stats,19,0,563198950.722483,817657438.3750927,254458487.6526097,1.4518092360189685,277535330.9334012,210074386.58504736,80,67036,66956
gwy_ops_py_stats,19,1,937468343.9639053,170469343.36592233,-766999000.597983,0.1818401063497519,37515568.30021376,37308460.48825418,381,257328,256947
gwy_ops_py_stats,19,9,502144506.1464501,587233108.3275771,85088602.18112701,1.1694504293875736,287527678.4357814,276455235.1411347,1499,264,-1235
gwy_ops_py_stats,19,10,421187721.4926952,288162803.6342777,-133024917.85841751,0.684167151437902,97796059.45396887,85482232.82482333,250296,250027,-269
gwy_ops_py_stats,19,11,256447359.72729406,98190508.14780223,-158256851.57949182,0.3828875768197339,55063282.47621009,48823401.26299693,256557,247698,-8859
gwy_ops_py_stats,19,19,83529139.61334072,90032507.20444342,6503367.591102704,1.0778574713112934,35081166.11277559,30413439.74549028,247740,248405,665
gwy_ops_py_stats,19,20,285955548.0454666,369135758.7770275,83180210.73156089,1.290885108892293,66653251.634907916,73282797.1039461,251956,255583,3627
gwy_ops_py_stats,20,0,753649979.0226792,688867641.2857827,-64782337.736896515,0.9140418768127544,104879486.16375344,336098358.04149497,254857,484,-254373
gwy_ops_py_stats,20,1,743134357.7760856,724200302.264918,-18934055.511167645,0.9745213563159293,227069720.33651343,239989527.84070024,72608,33978,-38630
gwy_ops_py_stats,20,4,184029140.6074481,721652167.2984515,537623026.6910034,3.92140160474805,68111696.2158072,250877605.34746906,244406,10881,-233525
gwy_ops_py_stats,20,5,64895274.81562942,371207509.1583946,306312234.34276515,5.720100734807162,30664544.452798136,50727447.4866431,245818,256639,10821
gwy_ops_py_stats,20,9,61775592.97954609,743810607.4629864,682035014.4834403,12.040525579564443,44938029.82909415,232182554.75560957,248872,5027,-243845
gwy_ops_py_stats,20,10,515739991.6546534,111252027.9897622,-404487963.6648912,0.21571340169458508,285709509.9976588,41788495.27499542,67,247578,247511
gwy_ops_py_stats,20,15,45641573.70554447,47064889.40166258,1423315.696118109,1.0311846323551548,23603362.501296747,27805620.679658268,252807,252154,-653
gwy_ops_py_stats,20,16,36948677.96378305,114118773.60286003,77170095.63907698,3.0885752858253497,17229379.111681547,18049437.84579872,260620,262143,1523
gwy_ops_py_stats,20,19,35233104.59636167,35270408.31611245,37303.71975078434,1.0010587690235688,5861168.513776146,5831198.599582467,262144,262144,0
gwy_ops_py_stats,20,20,44510461.327562,45002511.96373727,492050.63617527485,1.0110547188570833,21539241.082713958,21197369.97568595,252697,253002,305
raw_minmax,0,0,202433073.66020134,439092598.2961488,236659524.63594744,2.16907539048287,75354443.76373321,82948327.75545523,242148,248309,6161
raw_minmax,0,1,105239798.57717517,239665956.7357143,134426158.15853912,2.277331959733473,55235591.64175435,59830585.62755706,244799,251530,6731
raw_minmax,0,4,38867314.81108521,38636207.76356273,-231107.0475224778,0.9940539487061102,22720079.640543953,22975495.25453329,260090,260116,26
raw_minmax,0,5,50065515.22930733,186082926.60752907,136017411.37822175,3.716788407254819,30317475.1117068,30463309.367491648,251421,259388,7967
raw_minmax,0,9,311266356.6510433,796869733.6450185,485603376.99397516,2.5600895073230765,41452745.52615134,40164439.685631715,260532,259442,-1090
raw_minmax,0,10,324658798.6083881,413907672.92534906,89248874.31696093,1.2749005254116499,58989769.21996826,56019502.21945955,256591,259236,2645
raw_minmax,0,11,109222821.761382,401211279.01145566,291988457.2500737,3.673328270972324,35388785.54598759,50998590.68738048,253816,259979,6163
raw_minmax,0,16,53539263.222624294,46446726.72593707,-7092536.496687226,0.8675264456442855,30252810.829438858,27511012.13896057,257690,256933,-757
raw_minmax,0,19,76507262.85086495,66437416.15828072,-10069846.692584224,0.8683805129427608,36278638.781127565,32192741.154194128,252876,252892,16
raw_minmax,0,20,453918316.6640968,570033400.9100715,116115084.24597472,1.2558061219016654,67850040.63959137,274411962.40394616,245819,1534,-244285
raw_minmax,1,0,37788469.79875993,37864292.9650147,75823.16625477374,1.0020065159202944,8594292.652850194,8514277.238804882,262139,262142,3
raw_minmax,1,1,133622861.99389751,69020025.41359068,-64602836.58030683,0.5165285669210018,40666780.59680187,35867391.277729966,252190,245494,-6696
raw_minmax,1,9,595691153.5909961,678086623.7961329,82395470.20513678,1.1383191100093284,275702073.4638554,261195582.7540163,5319,42121,36802
raw_minmax,1,10,37238985.252362505,37946921.486757405,707936.2343949005,1.0190106209822134,13475607.535249965,12287451.02047711,260941,261061,120
raw_minmax,1,11,63485290.625990205,50610312.641472965,-12874977.984517239,0.7971974632617282,26016086.67261596,27171371.343710903,255885,252414,-3471
raw_minmax,1,19,40506410.97145682,42101011.17684557,1594600.2053887546,1.0393666130162063,18007010.603758752,18681437.515403036,259699,258588,-1111
raw_minmax,1,20,33311794.495459113,33306819.168277405,-4975.327181708068,0.9998506436756991,7613344.8346443465,7468969.232504233,262144,262144,0
raw_minmax,2,13,127576950.24753614,132470466.94421797,4893516.696681827,1.038357373233856,57663379.38607061,61653355.902159914,246033,245421,-612
raw_minmax,4,0,474459606.11869806,66808738.552984655,-407650867.5657134,0.14081017159608475,56771064.35343017,42142635.058508135,257769,250852,-6917
raw_minmax,4,4,579561317.4191424,176770301.2278458,-402791016.1912966,0.3050070733067997,86839633.46281262,63943111.58540424,258496,248307,-10189
raw_minmax,4,15,35051849.69096366,35165645.59605475,113795.90509108454,1.0032465021416666,10835861.00554326,10703474.540712535,262144,262139,-5
raw_minmax,4,16,118285280.50467888,177919907.68795994,59634627.183281064,1.5041593250558523,43739994.30401723,44730590.588940255,250778,253580,2802
raw_minmax,5,0,195782657.21818802,446090640.37453973,250307983.15635172,2.2784992639945556,66139233.75354355,80254546.47678769,250043,256571,6528
raw_minmax,5,4,519014846.4836427,108810130.2174212,-410204716.2662215,0.20964743292916665,60343124.948764205,52872948.64385101,259474,244851,-14623
raw_minmax,5,5,173537903.66528165,632385743.43312,458847839.76783836,3.6440784985674366,54880933.357855484,247790369.61740246,246182,7875,-238307
raw_minmax,5,9,118475447.36012505,94303694.8786511,-24171752.481473953,0.7959766937363819,49890348.426921606,46722827.070232995,252724,248583,-4141
raw_minmax,5,10,66952864.33479641,60815124.596964955,-6137739.737831451,0.9083274509789483,28177015.898334213,28331190.42959302,253985,253123,-862
raw_minmax,5,11,70688599.12917672,47626744.57949636,-23061854.54968036,0.6737542569271036,33201776.22245041,34766698.31640716,259251,251478,-7773
raw_minmax,5,15,64067518.59331336,46670178.134971075,-17397340.458342284,0.728453031421791,26890647.836158607,27905304.136149377,257708,254505,-3203
raw_minmax,5,16,51663852.2385943,40801847.3916316,-10862004.846962698,0.7897561955542973,23556605.095854737,22655769.351235427,257689,257095,-594
raw_minmax,5,20,45599005.14488779,45045848.928311855,-553156.2165759355,0.9878691165559793,23621280.378649402,23345820.934541903,256170,255151,-1019
raw_minmax,6,2,145798567.1600802,722811158.0420609,577012590.8819807,4.957601244794451,71322445.4895474,95605428.71809919,238971,253303,14332
raw_minmax,6,20,718657548.6440941,530722057.7984967,-187935490.8455974,0.7384908970897486,146824592.05620506,266456175.5111728,243019,361,-242658
raw_minmax,7,7,290710781.0453996,370717333.630801,80006552.58540142,1.2752101325506293,89755262.54847987,100709064.59687555,244078,239929,-4149
raw_minmax,7,13,565565857.287144,199654144.34374928,-365911712.94339466,0.35301661472535234,75393591.59741698,44975208.6871812,247720,240742,-6978
raw_minmax,7,18,98225848.8746334,514579640.4803325,416353791.60569906,5.23873956169211,42578608.26208713,303109379.5835944,247763,54,-247709
raw_minmax,9,0,140870506.3198654,453728113.79328686,312857607.47342145,3.220887932091592,56572684.732116155,81536709.68122204,245505,252221,6716
raw_minmax,9,1,60002080.224260084,49133312.58315907,-10868767.641101018,0.8188601528400585,31353255.43897749,31951427.90317841,256890,255831,-1059
raw_minmax,9,5,39812666.60075913,48605234.65573238,8792568.054973245,1.2208485089216705,19762411.521707326,19302894.39866026,259332,259854,522
raw_minmax,9,9,42396419.72468619,39248746.59532685,-3147673.129359342,0.925756157010434,22954509.512701236,21067817.196322504,258828,257946,-882
raw_minmax,9,10,62374724.0790014,122206025.90166272,59831301.822661325,1.9592235109029312,37768347.13151217,38592283.664438665,249143,255452,6309
raw_minmax,9,11,459954867.22901917,557542570.648276,97587703.4192568,1.2121679981498408,0.0,271228793.95069116,2,6,4
raw_minmax,9,15,146277396.37700564,52986329.321180195,-93291067.05582544,0.36223183235102674,30663245.840779237,35304475.94820273,253289,246006,-7283
raw_minmax,9,19,36134759.65909248,46879232.88783856,10744473.228746079,1.2973445328020186,20618848.95807522,20900864.19391503,251014,253421,2407
raw_minmax,9,20,54472659.435168885,57678188.4690244,3205529.0338555127,1.0588465675642402,25376702.91340453,25354588.478581145,254032,253822,-210
raw_minmax,10,0,748443218.5971661,532387621.7580206,-216055596.83914548,0.711326669183928,81899842.48681435,71454291.91110222,256814,257268,454
raw_minmax,10,1,227711593.85569593,527835598.62036383,300124004.76466787,2.318000544824524,61637249.34657254,74830662.04283535,250597,256840,6243
raw_minmax,10,5,33928645.97198473,34377372.78372911,448726.81174438447,1.013225603288587,10736062.850524327,12028005.836594425,261495,260603,-892
raw_minmax,10,9,481611231.67598826,209945123.54650772,-271666108.12948054,0.43592239910167146,289734764.92847717,50235262.07360867,259,244387,244128
raw_minmax,10,10,432506801.6195948,143140396.9667018,-289366404.652893,0.33095525071672494,68233944.37940215,45429885.23759165,254026,243956,-10070
raw_minmax,10,11,737009972.0150683,113928139.18213643,-623081832.8329319,0.1545815436806697,219993684.84290624,53886051.77494387,1865,246465,244600
raw_minmax,10,15,33531354.57894333,33518615.09320323,-12739.485740099102,0.9996200724396592,9246819.486045264,9166026.128572986,262144,262144,0
raw_minmax,10,19,60190299.702274494,48007008.44956542,-12183291.252709076,0.7975871309335134,32631072.01689885,31129214.144029118,253836,251807,-2029
raw_minmax,10,20,36399383.49372576,46648307.404417045,10248923.910691284,1.281568612623835,15143983.391094917,15464711.05676605,259381,258612,-769
raw_minmax,11,0,77764863.17555091,289715884.51894635,211951021.34339544,3.725537121629404,33520696.997023843,43982328.73079575,249656,255923,6267
raw_minmax,11,1,44397755.97772786,37163774.0553832,-7233981.922344662,0.8370642442835716,13501322.452858867,15322862.96819254,260049,259661,-388
raw_minmax,11,5,625086562.6835188,290811106.8938819,-334275455.78963685,0.465233336076558,105640878.5008007,88718064.27762432,254261,247805,-6456
raw_minmax,11,9,480122868.92092866,833258849.3266572,353135980.4057285,1.7355116851638375,305399337.9245665,117103224.12221862,1000,254370,253370
raw_minmax,11,10,144494460.62512067,143208769.97496876,-1285690.6501519084,0.9911021457529259,45608475.80868243,46377726.19158133,253852,253692,-160
raw_minmax,11,11,56096006.83063572,54235234.309747346,-1860772.5208883733,0.9668287882503581,33909912.42407839,32446241.481541365,246743,246604,-139
raw_minmax,11,15,636268658.3022925,267486342.37241703,-368782315.92987543,0.42039842585698095,106908993.64052925,84874173.54470636,253367,242673,-10694
raw_minmax,11,19,802152875.5183407,193483105.657585,-608669769.8607557,0.2412047772471784,88945994.72448426,56938760.38607073,255318,246289,-9029
raw_minmax,13,2,545913418.3905231,723495051.0309051,177581632.64038205,1.3252926685039783,89026076.85338254,105368808.31870915,249714,252218,2504
raw_minmax,13,7,376489518.09098023,128834638.44523032,-247654879.64574993,0.3421998017328517,47091218.26653416,36804026.604670584,260095,255716,-4379
raw_minmax,13,13,37143230.529015906,38349406.62895708,1206176.0999411717,1.0324736454735384,14355616.24814949,15196283.529130427,260797,260584,-213
raw_minmax,13,18,219234935.80453128,78590970.7805967,-140643965.02393457,0.3584783168439359,50831430.69406395,44374883.563844286,258870,248279,-10591
raw_minmax,15,0,58884533.88347364,68597441.59107397,9712907.707600333,1.1649483670333736,37455531.408249415,38710681.3829412,248742,250729,1987
raw_minmax,15,4,47579195.10066571,49464594.65449993,1885399.5538342223,1.0396265542080985,29144808.88623345,26435432.859662842,255557,257539,1982
raw_minmax,15,5,68496485.78336567,68267863.5228584,-228622.2605072707,0.996662277518436,41902469.117310055,42318307.82443754,250540,251131,591
raw_minmax,15,9,709696455.535179,456757987.07436615,-252938468.46081287,0.6435962636024819,121064993.74326937,112737232.49276763,244916,244446,-470
raw_minmax,15,10,38071476.48983279,38052537.14476538,-18939.34506741166,0.9995025319001624,11909545.536802182,12162319.396684434,262144,262144,0
raw_minmax,15,11,46526083.06178522,44696019.83914553,-1830063.2226396948,0.9606658652049126,18961688.55062148,17244669.76057613,260237,260280,43
raw_minmax,15,15,41052208.39082568,41184226.59477431,132018.20394863188,1.003215861195378,10569659.071490703,10628969.532753011,262144,262144,0
raw_minmax,15,16,69864986.31649908,152736938.43417406,82871952.11767498,2.1861728812520242,27650246.841163423,31636597.786246818,252145,259855,7710
raw_minmax,15,20,36886971.96710351,36636784.16090551,-250187.8061980009,0.9932174479807905,17142206.419955194,17756177.206010964,257486,257200,-286
raw_minmax,16,0,228759983.12411934,226034558.29890844,-2725424.825210899,0.9880860944821274,68416509.46063584,64114485.079741515,252798,246961,-5837
raw_minmax,16,4,244698351.41231966,505027097.9036455,260328746.49132586,2.063876176479296,78594608.42376088,280372406.890887,244584,302,-244282
raw_minmax,16,5,102535065.99477579,58989506.773647666,-43545559.22112812,0.5753105652329049,34947218.803158015,32196107.7946442,253786,247415,-6371
raw_minmax,16,15,507878968.7227424,623216580.1620456,115337611.43930322,1.2270966481037089,263526905.6633436,94543044.6863165,835,256466,255631
raw_minmax,16,16,29532905.333806302,29433615.58403606,-99289.74977024272,0.9966379958677284,15634714.351946801,16077925.347133603,260595,261180,585
raw_minmax,18,7,55096107.99932763,63197465.19604338,8101357.19671575,1.1470404624009851,36222000.36416773,35659175.8531447,250323,252721,2398
raw_minmax,18,13,36471211.94076191,35457961.43567032,-1013250.5050915852,0.9722177999805065,20375194.353073284,20521422.755208846,253507,253885,378
raw_minmax,19,0,563198950.722483,817657438.3750927,254458487.6526097,1.4518092360189685,277535330.9334012,210074386.58504736,80,67036,66956
raw_minmax,19,1,937468343.9639053,170469343.36592233,-766999000.597983,0.1818401063497519,37515568.30021376,37308460.48825418,381,257328,256947
raw_minmax,19,9,502144506.1464501,587233108.3275771,85088602.18112701,1.1694504293875736,287527678.4357814,276455235.1411347,1499,264,-1235
raw_minmax,19,10,421187721.4926952,288162803.6342777,-133024917.85841751,0.684167151437902,97796059.45396887,85482232.82482333,250296,250027,-269
raw_minmax,19,11,256447359.72729406,98190508.14780223,-158256851.57949182,0.3828875768197339,55063282.47621009,48823401.26299693,256557,247698,-8859
raw_minmax,19,19,83529139.61334072,90032507.20444342,6503367.591102704,1.0778574713112934,35081166.11277559,30413439.74549028,247740,248405,665
raw_minmax,19,20,285955548.0454666,369135758.7770275,83180210.73156089,1.290885108892293,66653251.634907916,73282797.1039461,251956,255583,3627
raw_minmax,20,0,753649979.0226792,688867641.2857827,-64782337.736896515,0.9140418768127544,104879486.16375344,336098358.04149497,254857,484,-254373
raw_minmax,20,1,743134357.7760856,724200302.264918,-18934055.511167645,0.9745213563159293,227069720.33651343,239989527.84070024,72608,33978,-38630
raw_minmax,20,4,184029140.6074481,721652167.2984515,537623026.6910034,3.92140160474805,68111696.2158072,250877605.34746906,244406,10881,-233525
raw_minmax,20,5,64895274.81562942,371207509.1583946,306312234.34276515,5.720100734807162,30664544.452798136,50727447.4866431,245818,256639,10821
raw_minmax,20,9,61775592.97954609,743810607.4629864,682035014.4834403,12.040525579564443,44938029.82909415,232182554.75560957,248872,5027,-243845
raw_minmax,20,10,515739991.6546534,111252027.9897622,-404487963.6648912,0.21571340169458508,285709509.9976588,41788495.27499542,67,247578,247511
raw_minmax,20,15,45641573.70554447,47064889.40166258,1423315.696118109,1.0311846323551548,23603362.501296747,27805620.679658268,252807,252154,-653
raw_minmax,20,16,36948677.96378305,114118773.60286003,77170095.63907698,3.0885752858253497,17229379.111681547,18049437.84579872,260620,262143,1523
raw_minmax,20,19,35233104.59636167,35270408.31611245,37303.71975078434,1.0010587690235688,5861168.513776146,5831198.599582467,262144,262144,0
raw_minmax,20,20,44510461.327562,45002511.96373727,492050.63617527485,1.0110547188570833,21539241.082713958,21197369.97568595,252697,253002,305
raw_chauvenet,0,0,202433073.66020134,439092598.2961488,236659524.63594744,2.16907539048287,75354443.76373321,82948327.75545523,242148,248309,6161
raw_chauvenet,0,1,105239798.57717517,239665956.7357143,134426158.15853912,2.277331959733473,55235591.64175435,59830585.62755706,244799,251530,6731
raw_chauvenet,0,4,37585820.854579546,37278742.34422141,-307078.5103581324,0.9918299373706317,16274917.33186816,16051018.247042544,258118,258076,-42
raw_chauvenet,0,5,49349658.53388032,186082926.60752907,136733268.07364875,3.770703428064784,22784475.232717786,30463309.367491648,251074,259388,8314
raw_chauvenet,0,9,311266356.6510433,796869733.6450185,485603376.99397516,2.5600895073230765,41452745.52615134,40164439.685631715,260532,259442,-1090
raw_chauvenet,0,10,324252520.54881245,413809554.9177417,89557034.36892927,1.2761953375639141,56975853.2514354,55526897.99985197,256410,259191,2781
raw_chauvenet,0,11,108477731.07784918,401211279.01145566,292733547.9336065,3.6985589118150517,28724596.759865806,50998590.68738048,253469,259979,6510
raw_chauvenet,0,16,52952414.59297333,45571062.72895678,-7381351.864016548,0.8606040551549081,22877613.71467996,19606354.704061043,257455,256340,-1115
raw_chauvenet,0,19,75988299.04330993,65322859.00451568,-10665440.03879425,0.8596436533904328,31844538.80017604,24170639.527571905,252640,252090,-550
raw_chauvenet,0,20,453918316.6640968,570033400.9100715,116115084.24597472,1.2558061219016654,67850040.63959137,274411962.40394616,245819,1534,-244285
raw_chauvenet,1,0,37464279.22843672,37548540.477793634,84261.24935691059,1.0022491090471308,6494130.058210823,6458884.344050069,260969,261012,43
raw_chauvenet,1,1,133090027.16389371,68268783.94574115,-64821243.21815257,0.5129519123297762,35558751.77824345,28433257.308057837,252005,245194,-6811
raw_chauvenet,1,9,595691153.5909961,678086623.7961329,82395470.20513678,1.1383191100093284,275702073.4638554,261195582.7540163,5319,42121,36802
raw_chauvenet,1,10,36668341.58993224,37515871.995608725,847530.4056764841,1.0231134097951455,8810294.865765557,9031042.246023005,259778,260176,398
raw_chauvenet,1,11,62648633.27649135,49337197.441498086,-13311435.834993266,0.7875223266843664,19046717.64276014,17231258.50398979,255227,251317,-3910
raw_chauvenet,1,19,39598269.26434141,41308884.05236866,1710614.7880272567,1.0431992311736635,12766318.440697057,13907404.894029597,258023,257326,-697
raw_chauvenet,1,20,33015354.946977034,33019636.11102025,4281.164043214172,1.0001296719072108,6232287.03540085,6244923.46603747,260750,260697,-53
raw_chauvenet,2,13,127576950.24753614,132109418.20656186,4532467.959025726,1.0355273264506748,57663379.38607061,59236332.12775381,246033,245312,-721
raw_chauvenet,4,0,474459606.11869806,65033159.3096277,-409426446.80907035,0.1370678525019852,56771064.35343017,30017164.270893,257769,249839,-7930
raw_chauvenet,4,4,579561317.4191424,176770301.2278458,-402791016.1912966,0.3050070733067997,86839633.46281262,63943111.58540424,258496,248307,-10189
raw_chauvenet,4,15,34303524.20131457,34420786.04939372,117261.8480791524,1.0034183615476644,7084070.148179864,7080105.752172671,259697,259673,-24
raw_chauvenet,4,16,117999123.61233953,177351513.9311888,59352390.318849266,1.5029900943488246,41298070.469754234,40953207.003138155,250679,253320,2641
raw_chauvenet,5,0,195782657.21818802,446090640.37453973,250307983.15635172,2.2784992639945556,66139233.75354355,80254546.47678769,250043,256571,6528
raw_chauvenet,5,4,519014846.4836427,108810130.2174212,-410204716.2662215,0.20964743292916665,60343124.948764205,52872948.64385101,259474,244851,-14623
raw_chauvenet,5,5,173537903.66528165,632385743.43312,458847839.76783836,3.6440784985674366,54880933.357855484,247790369.61740246,246182,7875,-238307
raw_chauvenet,5,9,118298774.32075879,93444822.65184522,-24853951.668913573,0.7899052478639903,48460466.066182286,41113592.81907051,252668,248190,-4478
raw_chauvenet,5,10,66952864.33479641,60374477.50520702,-6578386.829589389,0.9017459985476602,28177015.898334213,23575908.47543436,253985,252911,-1074
raw_chauvenet,5,11,69582732.77053683,45896392.23555704,-23686340.534979783,0.6595945633079647,24130586.835450586,20957931.589310553,258592,250347,-8245
raw_chauvenet,5,15,63011144.1524263,45709653.82303059,-17301490.32939571,0.725421739882349,17745283.641137507,17834365.64288275,256880,253926,-2954
raw_chauvenet,5,16,50997094.20300045,39951412.399206884,-11045681.803793564,0.7834056630790606,16332776.131885894,14353876.119682984,257224,256271,-953
raw_chauvenet,5,20,44853924.795355245,44316535.80107583,-537388.9942794144,0.9880191310630845,15010060.875248149,15144013.797605436,255659,254654,-1005
raw_chauvenet,6,2,145798567.1600802,722811158.0420609,577012590.8819807,4.957601244794451,71322445.4895474,95605428.71809919,238971,253303,14332
raw_chauvenet,6,20,718657548.6440941,530722057.7984967,-187935490.8455974,0.7384908970897486,146824592.05620506,266456175.5111728,243019,361,-242658
raw_chauvenet,7,7,290710781.0453996,370717333.630801,80006552.58540142,1.2752101325506293,89755262.54847987,100709064.59687555,244078,239929,-4149
raw_chauvenet,7,13,565565857.287144,199654144.34374928,-365911712.94339466,0.35301661472535234,75393591.59741698,44975208.6871812,247720,240742,-6978
raw_chauvenet,9,0,140632093.58827648,453728113.79328686,313096020.2050104,3.226348283782579,54927223.058844335,81536709.68122204,245429,252221,6792
raw_chauvenet,9,1,58661622.31157273,47617164.98841826,-11044457.323154472,0.8117260162957405,23544841.74754645,22753715.411004577,255658,254419,-1239
raw_chauvenet,9,5,38954153.26005183,47628855.488287956,8674702.228236124,1.2226900472030586,11454356.33950731,11164986.203319522,258285,258509,224
raw_chauvenet,9,9,41766459.00777341,38525555.46736768,-3240903.540405728,0.922404158327079,13449340.014135608,13067288.20369325,258479,257371,-1108
raw_chauvenet,9,10,61273098.73031019,121286806.94871849,60013708.2184083,1.9794462735197216,28970644.316696066,31489214.06125977,248598,254994,6396
raw_chauvenet,9,15,146237678.19648984,52207100.475004315,-94030577.72148553,0.3570017051614913,30190292.125831313,27026954.232457973,253275,245710,-7565
raw_chauvenet,9,19,35415835.12384692,46733657.41565096,11317822.291804038,1.3195695443076898,12379835.27706427,18273324.278066657,250440,253367,2927
raw_chauvenet,9,20,53573292.42609608,56888752.10702724,3315459.6809311584,1.0618864275609867,18135025.777688954,18357485.663063817,253252,253198,-54
raw_chauvenet,10,0,748443218.5971661,532387621.7580206,-216055596.83914548,0.711326669183928,81899842.48681435,71454291.91110222,256814,257268,454
raw_chauvenet,10,1,227663338.23323905,527835598.62036383,300172260.3871248,2.318491869251258,61342634.127381794,74830662.04283535,250581,256840,6259
raw_chauvenet,10,5,33216391.298662536,33644376.0182693,427984.7196067646,1.0128847446358207,6570731.119028514,7112274.381668843,259325,258755,-570
raw_chauvenet,10,10,432506801.6195948,143140396.9667018,-289366404.652893,0.33095525071672494,68233944.37940215,45429885.23759165,254026,243956,-10070
raw_chauvenet,10,11,972679356.0264676,113871537.03574342,-858807818.9907241,0.11706996383774887,16665676.014851283,53427896.91439634,232,246449,246217
raw_chauvenet,10,15,32982631.249081366,32976953.45798428,-5677.791097085923,0.9998278551200416,5798188.537656885,5801433.7279468225,260155,260155,0
raw_chauvenet,10,19,58903552.21172594,46448784.96828811,-12454767.243437834,0.7885566018383784,22791365.332513142,19450253.70357052,252979,250595,-2384
raw_chauvenet,10,20,36012863.4545217,46308844.334414035,10295980.879892334,1.2858973125781696,11022170.237470374,12178430.403805576,258839,258208,-631
raw_chauvenet,11,0,77764863.17555091,289715884.51894635,211951021.34339544,3.725537121629404,33520696.997023843,43982328.73079575,249656,255923,6267
raw_chauvenet,11,1,43911462.511336446,36580816.465980165,-7330646.045356281,0.833058485732199,7647956.485766992,7627141.753504697,259294,258869,-425
raw_chauvenet,11,5,625086562.6835188,290811106.8938819,-334275455.78963685,0.465233336076558,105640878.5008007,88718064.27762432,254261,247805,-6456
raw_chauvenet,11,10,143765612.88280448,143208769.97496876,-556842.907835722,0.9961267308873809,40648355.30688211,46377726.19158133,253525,253692,167
raw_chauvenet,11,11,55340529.155945726,53220497.54729601,-2120031.608649716,0.9616911576202024,28099291.08070704,24840647.906510178,246323,245949,-374
raw_chauvenet,11,15,636268658.3022925,267486342.37241703,-368782315.92987543,0.42039842585698095,106908993.64052925,84874173.54470636,253367,242673,-10694
raw_chauvenet,11,19,802152875.5183407,193197298.72572634,-608955576.7926143,0.24084847741882714,88945994.72448426,55164207.241495445,255318,246188,-9130
raw_chauvenet,13,2,545913418.3905231,723495051.0309051,177581632.64038205,1.3252926685039783,89026076.85338254,105368808.31870915,249714,252218,2504
raw_chauvenet,13,7,376127368.752667,128451922.96972416,-247675445.78294283,0.34151176872797917,45038470.061891735,33482513.387051165,259914,255550,-4364
raw_chauvenet,13,13,36513567.542976074,37748818.413433254,1235250.8704571798,1.0338299145654093,8050248.941214904,8357214.519566653,259674,259627,-47
raw_chauvenet,13,18,218158395.58800977,78074510.45331456,-140083885.13469523,0.35787992592665374,43589399.77511531,39495616.95126901,258426,248116,-10310
raw_chauvenet,15,0,57913425.47262784,68070760.20711449,10157334.734486647,1.175388256722742,29511660.316904556,33644214.030035906,248273,250534,2261
raw_chauvenet,15,4,46126541.24284109,48110483.79362408,1983942.5507829934,1.0430108674382974,16463054.692646634,15716266.158368332,254434,256262,1828
raw_chauvenet,15,5,67383864.37814173,67065189.068089336,-318675.31005239487,0.9952707474854208,34254149.833495304,34452617.17639052,249958,250486,528
raw_chauvenet,15,9,709696455.535179,456757987.07436615,-252938468.46081287,0.6435962636024819,121064993.74326937,112737232.49276763,244916,244446,-470
raw_chauvenet,15,10,37384565.87380569,37369381.997199334,-15183.876606352627,0.9995938463841574,8006407.917415287,8067156.212340442,260238,260355,117
raw_chauvenet,15,11,45664716.51989179,43931688.089043714,-1733028.430848077,0.9620488516534826,12453029.574377337,12130101.914612789,259030,259038,8
raw_chauvenet,15,15,40561162.26314354,40707207.762904055,146045.499760516,1.0036006241343143,7870581.550425573,8008266.425781837,260679,260735,56
raw_chauvenet,15,16,69736554.4635662,152319652.95470512,82583098.49113892,2.184215353431096,26263981.274146475,28618048.399458893,252088,259583,7495
raw_chauvenet,15,20,35905414.61049148,35659364.219873495,-246050.39061798155,0.9931472622364292,11629730.091732837,12084753.969907898,255537,255331,-206
raw_chauvenet,16,0,228628825.34294808,226034558.29890844,-2594267.044039637,0.9886529310547426,67696111.01761119,64114485.079741515,252754,246961,-5793
raw_chauvenet,16,4,244698351.41231966,950480683.1996604,705782331.7873408,3.8842954098946465,78594608.42376088,28318363.919195984,244584,25,-244559
raw_chauvenet,16,5,101978306.41688581,58307689.11201298,-43670617.304872826,0.5717656152638191,29926754.675976656,24245126.513472162,253531,247145,-6386
raw_chauvenet,16,16,28640871.274389207,28517986.438350078,-122884.83603912964,0.9957094588756797,10021690.791483454,10025025.144412464,258711,259320,609
raw_chauvenet,18,7,54614957.70134054,62778584.76035454,8163627.059014,1.1494760300585862,31152442.450363338,31809178.74407343,250148,252543,2395
raw_chauvenet,18,13,35805778.44945621,34912980.599294774,-892797.8501614332,0.9750655372170803,12515466.5096668,12703999.336689942,252963,253525,562
raw_chauvenet,19,1,937468343.9639053,170469343.36592233,-766999000.597983,0.1818401063497519,37515568.30021376,37308460.48825418,381,257328,256947
raw_chauvenet,19,10,421187721.4926952,288162803.6342777,-133024917.85841751,0.684167151437902,97796059.45396887,85482232.82482333,250296,250027,-269
raw_chauvenet,19,11,256447359.72729406,98190508.14780223,-158256851.57949182,0.3828875768197339,55063282.47621009,48823401.26299693,256557,247698,-8859
raw_chauvenet,19,19,83013822.36941704,89754339.27128287,6740516.901865825,1.0811975248154466,30155773.02307605,27241743.28506075,247532,248297,765
raw_chauvenet,19,20,285955548.0454666,369135758.7770275,83180210.73156089,1.290885108892293,66653251.634907916,73282797.1039461,251956,255583,3627
raw_chauvenet,20,1,743134357.7760856,724200302.264918,-18934055.511167645,0.9745213563159293,227069720.33651343,239989527.84070024,72608,33978,-38630
raw_chauvenet,20,4,184029140.6074481,721652167.2984515,537623026.6910034,3.92140160474805,68111696.2158072,250877605.34746906,244406,10881,-233525
raw_chauvenet,20,5,64043110.47708221,371148783.22634953,307105672.74926734,5.795296019533044,22042210.700621303,50379604.019587174,245388,256614,11226
raw_chauvenet,20,9,60764155.1044352,743810607.4629864,683046452.3585511,12.240943796299002,35899830.48768516,232182554.75560957,248518,5027,-243491
raw_chauvenet,20,10,560764337.2620504,111252027.9897622,-449512309.2722882,0.1983935507257001,258674758.11769754,41788495.27499542,61,247578,247517
raw_chauvenet,20,15,45203878.10985933,46304929.4328095,1101051.3229501694,1.0243574527007235,18918897.328114267,19631964.585336458,252527,251744,-783
raw_chauvenet,20,16,36172004.63650346,113373455.91928555,77201451.2827821,3.134287332388353,10964510.26082304,11872275.922572216,259344,260786,1442
raw_chauvenet,20,19,35055452.16558844,35102486.02770819,47033.86211974919,1.0013416989145534,5190727.7918914035,5214695.693126935,260974,261013,39
raw_chauvenet,20,20,43824890.00932525,44345093.663603365,520203.65427811444,1.0118700504249394,16233557.227034613,16414096.927837273,251957,252261,304
raw_three_sigma,0,0,202433073.66020134,439092598.2961488,236659524.63594744,2.16907539048287,75354443.76373321,82948327.75545523,242148,248309,6161
raw_three_sigma,0,1,103776964.38686843,239199214.67491132,135422250.2880429,2.304935551816726,44410662.48601801,56933266.557421446,244309,251369,7060
raw_three_sigma,0,4,36467663.63520068,36244516.94532651,-223146.6898741722,0.9938809710403609,12716137.77171544,12765335.06995884,255030,255198,168
raw_three_sigma,0,5,48700057.23950462,186082926.60752907,137382869.36802447,3.8210001621226413,18247981.130739473,30463309.367491648,250498,259388,8890
raw_three_sigma,0,9,311266356.6510433,796869733.6450185,485603376.99397516,2.5600895073230765,41452745.52615134,40164439.685631715,260532,259442,-1090
raw_three_sigma,0,10,323394627.0661345,413612814.15652287,90218187.09038836,1.2789724365826853,54001597.13307856,49321731.03584074,255840,258144,2304
raw_three_sigma,0,11,107940722.64162537,401211279.01145566,293270556.36983025,3.7169593568825694,25673454.396585427,50998590.68738048,253024,259979,6955
raw_three_sigma,0,16,52606324.58402642,45087368.55129418,-7518956.032732241,0.857071253462643,19750576.277782064,16864571.80292774,257219,255736,-1483
raw_three_sigma,0,19,75126926.54363431,64480964.07935267,-10645962.464281641,0.8582936511039303,26983350.114301596,20949717.183881663,251979,250862,-1117
raw_three_sigma,0,20,453918316.6640968,570033400.9100715,116115084.24597472,1.2558061219016654,67850040.63959137,274411962.40394616,245819,1534,-244285
raw_three_sigma,1,0,37301913.75980776,37382587.761686906,80674.00187914819,1.0021627309096959,5970189.06424329,5934563.987118001,259261,259328,67
raw_three_sigma,1,1,132507015.33354323,67605183.73312481,-64901831.60041842,0.5102007887125884,31346770.41112509,24211581.030332033,251697,244702,-6995
raw_three_sigma,1,9,595691153.5909961,678086623.7961329,82395470.20513678,1.1383191100093284,275702073.4638554,261195582.7540163,5319,42121,36802
raw_three_sigma,1,10,36355739.09423528,37215112.10671898,859373.0124837011,1.0236378914002044,7859212.507599972,8019453.032286879,258198,258819,621
raw_three_sigma,1,11,62076784.08358706,48823003.50238788,-13253780.581199177,0.7864937628960802,16406244.878171066,15021981.878975162,254331,250381,-3950
raw_three_sigma,1,19,38960526.045917146,40594460.80122826,1633934.7553111166,1.0419382108287099,10843438.691617655,11673374.382183064,255743,255055,-688
raw_three_sigma,1,20,32738357.305887967,32736166.050454453,-2191.2554335147142,0.9999330676425503,5576872.546773189,5579541.904149814,258242,258118,-124
raw_three_sigma,2,13,126327691.34157813,130275678.22022796,3947986.878649831,1.0312519514662455,49866835.32697926,49112236.26203064,245571,244554,-1017
raw_three_sigma,4,0,474459606.11869806,63766941.90028404,-410692664.218414,0.13439909547185167,56771064.35343017,24754363.71869063,257769,248448,-9321
raw_three_sigma,4,4,579561317.4191424,175917142.05939817,-403644175.3597442,0.30353499581852494,86839633.46281262,59348983.19188386,258496,247986,-10510
raw_three_sigma,4,15,33925699.58209341,34022076.925032414,96377.3429390043,1.002840835830247,5874904.776375037,5794598.471670484,257319,257147,-172
raw_three_sigma,4,16,117277331.04699977,176479495.25264904,59202164.20564927,1.5048048388986919,36470138.60436531,37385812.770371504,250327,252630,2303
raw_three_sigma,5,0,195782657.21818802,446090640.37453973,250307983.15635172,2.2784992639945556,66139233.75354355,80254546.47678769,250043,256571,6528
raw_three_sigma,5,4,520251138.0110458,108098992.60390237,-412152145.4071435,0.20778232800637766,51834175.859192014,47417111.87669702,258077,244624,-13453
raw_three_sigma,5,5,173537903.66528165,632385743.43312,458847839.76783836,3.6440784985674366,54880933.357855484,247790369.61740246,246182,7875,-238307
raw_three_sigma,5,9,117716276.07010193,92148352.88240701,-25567923.187694922,0.7828004415254454,44840354.27253984,35946852.510197915,252411,247142,-5269
raw_three_sigma,5,10,66917927.35271038,59885321.508291714,-7032605.844418667,0.8949069984288175,27621834.42295719,20307921.562826775,253975,252484,-1491
raw_three_sigma,5,11,68879354.16409244,45105989.64723351,-23773364.516858928,0.6548550025567422,20407425.205710724,17326189.774444256,257815,249217,-8598
raw_three_sigma,5,15,62584242.02224527,45376407.24326102,-17207834.778984256,0.725045247446349,15705456.406056168,15887859.30174199,256189,253493,-2696
raw_three_sigma,5,16,50631763.78347209,39476532.689152084,-11155231.094320007,0.7796791922551699,14499527.009923445,12640726.622987872,256613,255027,-1586
raw_three_sigma,5,20,44505696.51592544,44009321.856733635,-496374.65919180214,0.9888469409974477,13030539.82336686,13102091.205079192,255095,254232,-863
raw_three_sigma,6,2,145392162.0176723,722811158.0420609,577418996.0243886,4.971458901300359,68954330.08130392,95605428.71809919,238853,253303,14450
raw_three_sigma,6,20,718657548.6440941,530722057.7984967,-187935490.8455974,0.7384908970897486,146824592.05620506,266456175.5111728,243019,361,-242658
raw_three_sigma,7,7,290710781.0453996,370717333.630801,80006552.58540142,1.2752101325506293,89755262.54847987,100709064.59687555,244078,239929,-4149
raw_three_sigma,7,13,565565857.287144,199523399.54209745,-366042457.7450465,0.35278543952273494,75393591.59741698,43848504.64747707,247720,240701,-7019
raw_three_sigma,9,0,139683270.00498435,453728113.79328686,314044843.78830254,3.248263831288431,50138418.26116988,81536709.68122204,244987,252221,7234
raw_three_sigma,9,1,57622624.23892544,46568947.054664716,-11053677.184260726,0.8081712290917548,20213733.02882395,19469862.893695436,253782,252427,-1355
raw_three_sigma,9,5,38440898.032343775,47093470.59882953,8652572.566485755,1.2250876802931494,9242435.829576833,8986539.996062784,256796,256821,25
raw_three_sigma,9,9,41588585.25071086,38243411.44121071,-3345173.8095001504,0.91956509726565,12255440.306555748,11483537.056185814,258209,256839,-1370
raw_three_sigma,9,10,60491434.5846449,120699192.62562415,60207758.04097925,1.9953104675791957,24941131.00075933,28690600.127574906,247894,254467,6573
raw_three_sigma,9,15,146077790.1805674,51646442.55974566,-94431347.62082174,0.35355438014160306,28756101.683277365,22617767.56362831,253197,245352,-7845
raw_three_sigma,9,19,35093413.07188831,46530192.270650886,11436779.198762573,1.325895323299974,10570095.145420782,15763904.177064238,249806,253242,3436
raw_three_sigma,9,20,52979451.456855,56362164.746117756,3382713.2892627567,1.0638495340409015,15827870.733461387,16183960.240601066,252114,252263,149
raw_three_sigma,10,0,752486658.5294412,532387621.7580206,-220099036.77142066,0.7075043998766003,63860912.69170643,71454291.91110222,255232,257268,2036
raw_three_sigma,10,1,226627279.59397385,527835598.62036383,301208319.02638996,2.3290911825179905,56270422.92105799,74830662.04283535,250127,256840,6713
raw_three_sigma,10,5,32913218.05803384,33310261.022534877,397042.9645010382,1.0120633285934229,5399302.219610422,5879233.019627003,257233,256959,-274
raw_three_sigma,10,10,432506801.6195948,143140396.9667018,-289366404.652893,0.33095525071672494,68233944.37940215,45429885.23759165,254026,243956,-10070
raw_three_sigma,10,15,32676133.9802637,32664869.32457887,-11264.655684828758,0.9996552635115392,4768008.0166080985,4745672.5102193635,257899,257900,1
raw_three_sigma,10,19,57929116.56986734,45598391.70616827,-12330724.863699071,0.7871411546760395,17871507.407609038,15442167.649690617,251771,249292,-2479
raw_three_sigma,10,20,35717452.36693753,46051576.72105933,10334124.354121797,1.2893298281175214,9886844.992854157,11002304.574816868,257889,257578,-311
raw_three_sigma,11,0,77613183.8064332,289715884.51894635,212102700.71251315,3.7328179351783324,31638150.80282729,43982328.73079575,249609,255923,6314
raw_three_sigma,11,1,43708876.34145367,36378036.04410803,-7330840.297345638,0.8322802846708498,6847133.941567788,6756261.644647407,258378,258017,-361
raw_three_sigma,11,5,625086562.6835188,290811106.8938819,-334275455.78963685,0.465233336076558,105640878.5008007,88718064.27762432,254261,247805,-6456
raw_three_sigma,11,10,142698539.74029702,143208769.97496876,510230.2346717417,1.0035755813311078,36041395.03572902,46377726.19158133,252704,253692,988
raw_three_sigma,11,11,54424505.57410396,52524717.834247746,-1899787.7398562133,0.9650931557426925,23867783.856891308,22028618.089795765,245379,245043,-336
raw_three_sigma,11,15,636268658.3022925,267486342.37241703,-368782315.92987543,0.42039842585698095,106908993.64052925,84874173.54470636,253367,242673,-10694
raw_three_sigma,11,19,802152875.5183407,192230822.09766412,-609922053.4206766,0.23964362400801353,88945994.72448426,50942205.46965873,255318,245673,-9645
raw_three_sigma,13,2,545913418.3905231,723495051.0309051,177581632.64038205,1.3252926685039783,89026076.85338254,105368808.31870915,249714,252218,2504
raw_three_sigma,13,7,376875578.2029271,127710529.176889,-249165049.0260381,0.338866555869332,37666351.67887263,29515438.89956941,258425,254984,-3441
raw_three_sigma,13,13,36208861.53406729,37444475.86718615,1235614.3331188634,1.034124639128914,6911790.832946463,7175510.257673444,258263,258320,57
raw_three_sigma,13,18,217216988.4227096,77312653.45348346,-139904334.96922615,0.3559236043869236,39212395.24495986,34294823.73357436,257790,247736,-10054
raw_three_sigma,15,0,57040982.48610256,67337411.06776689,10296428.581664331,1.1805093133550593,24984368.046286758,28989129.917566918,247501,250067,2566
raw_three_sigma,15,4,45736034.42491423,47727514.168723926,1991479.7438096926,1.043542903726801,14687482.101541901,14209864.138667816,253729,255428,1699
raw_three_sigma,15,5,66007119.49120054,65674560.372084014,-332559.1191165224,0.9949617689473503,28786134.21481884,28815815.440359168,248583,249127,544
raw_three_sigma,15,9,709696455.535179,456757987.07436615,-252938468.46081287,0.6435962636024819,121064993.74326937,112737232.49276763,244916,244446,-470
raw_three_sigma,15,10,36972866.985631794,36959363.16651287,-13503.819118924439,0.9996347640791781,6748945.881743138,6808242.29125562,257892,258049,157
raw_three_sigma,15,11,45374715.6282472,43611131.53343816,-1763584.0948090404,0.9611328893109106,11453364.81334332,11101452.018113496,258122,257934,-188
raw_three_sigma,15,15,40312029.11146064,40444609.44617006,132580.3347094208,1.0032888529213662,7223768.28748842,7339069.670761307,259058,259024,-34
raw_three_sigma,15,16,69473308.02950902,151741885.5050474,82268577.47553839,2.184175330194361,24429086.471153684,26378510.848027963,251898,258880,6982
raw_three_sigma,15,20,35013818.94400658,34722867.46630488,-290951.4777016938,0.9916903814986027,8322503.773415462,8546562.77952143,252481,252286,-195
raw_three_sigma,16,0,227260018.2017807,226034558.29890844,-1225459.9028722644,0.9946076748890155,61764551.207863756,64114485.079741515,252135,246961,-5174
raw_three_sigma,16,5,101235246.64620142,57954412.09972398,-43280834.54647744,0.5724726715218466,25783081.82619051,21834956.622130934,252920,246863,-6057
raw_three_sigma,16,16,27982833.404119328,27852413.74047285,-130419.6636464782,0.9953392974269976,7738490.489328097,7705075.334659219,255974,256556,582
raw_three_sigma,18,7,54146308.21813052,62084593.37402375,7938285.155893229,1.1466080591111316,28127863.643747073,27690329.328826673,249838,252042,2204
raw_three_sigma,18,13,35428440.04756242,34671019.51298699,-757420.5345754325,0.9786211153085318,10402416.742143394,11201773.447739216,252214,253107,893
raw_three_sigma,19,1,937468343.9639053,170306447.75259504,-767161896.2113103,0.18166634516157296,37515568.30021376,35748859.86246846,381,257268,256887
raw_three_sigma,19,10,421187721.4926952,288162803.6342777,-133024917.85841751,0.684167151437902,97796059.45396887,85482232.82482333,250296,250027,-269
raw_three_sigma,19,11,256447359.72729406,98190508.14780223,-158256851.57949182,0.3828875768197339,55063282.47621009,48823401.26299693,256557,247698,-8859
raw_three_sigma,19,19,82338056.65619476,89357035.95989208,7018979.303697318,1.08524587036351,25620575.327785067,24362216.760000665,247080,248030,950
raw_three_sigma,19,20,285955548.0454666,368976048.44537646,83020500.39990985,1.290326594351335,66653251.634907916,72635087.35257609,251956,255515,3559
raw_three_sigma,20,1,743134357.7760856,724200302.264918,-18934055.511167645,0.9745213563159293,227069720.33651343,239989527.84070024,72608,33978,-38630
raw_three_sigma,20,4,183623037.94218466,721652167.2984515,538029129.3562669,3.9300742182779382,65776013.092443146,250877605.34746906,244278,10881,-233397
raw_three_sigma,20,5,63542317.58196925,370879650.919391,307337333.3374217,5.836734715269996,19090757.039473448,49168393.12962007,244875,256459,11584
raw_three_sigma,20,9,59998484.76945331,743810607.4629864,683812122.6935331,12.397156533554302,30754781.569538053,232182554.75560957,248088,5027,-243061
raw_three_sigma,20,15,44693632.900508545,45844984.33750628,1151351.436997734,1.025760972252149,15987173.488405846,16801668.677855354,251878,251223,-655
raw_three_sigma,20,16,35711850.2199403,112987574.67719457,77275724.45725426,3.1638678472644943,9446878.583554644,9889463.065735178,257586,258314,728
raw_three_sigma,20,19,34952815.6242218,34990724.371026635,37908.74680483341,1.0010845691864252,4955200.673275011,4964647.34066875,259694,259637,-57
raw_three_sigma,20,20,43128475.490625836,43686030.67946691,557555.1888410747,1.0129277741097586,13812160.660220796,14184341.467407564,250288,250668,380
